Grapheme,Phoneme,Type
,,Silent
a,a,Vowel
ai,e,Vowel
ai,E,Vowel
aim,5,Vowel
ain,5,Vowel
am,@,Vowel
an,@,Vowel
ant,@,Vowel
au,o,Vowel
au,O,Vowel
aî,E,Vowel
b,b,Consonant
b,#,Silent
c,k,Consonant
c,s,Consonant
c,#,Silent
cc,k,Consonant
ch,S,Consonant
d,d,Consonant
d,#,Silent
e,°,Vowel
e,#,Silent
e,E,Vowel
e,%,Silent
e,e,Vowel
eau,o,Vowel
ei,E,Vowel
ei,e,Vowel
eil,Ej,Vowel
eill,Ej,Vowel
em,@,Vowel
en,@,Vowel
en,5,Vowel
ent,#,Silent
er,e,Vowel
es,e,Vowel
es,E,Vowel
est,E,Vowel
et,E,Vowel
et,e,Vowel
eu,2,Vowel
eu,9,Vowel
ez,e,Vowel
f,f,Consonant
f,#,Silent
ff,f,Consonant
g,g,Consonant
g,Z,Consonant
g,#,Silent
gn,N,Consonant
gu,g,Consonant
h,#,Silent
i,i,Vowel
i,j,Vowel
i,ij,Vowel
il,j,Vowel
il,i,Vowel
ill,j,Vowel
ill,i,Vowel
ill,ij,Vowel
im,5,Vowel
in,5,Vowel
j,Z,Consonant
k,k,Consonant
l,l,Consonant
l,#,Silent
ll,l,Consonant
m,m,Consonant
m,#,Silent
mm,m,Consonant
n,n,Consonant
nn,n,Consonant
o,o,Vowel
o,O,Vowel
oeu,2,Vowel
oeu,9,Vowel
oi,wa,Vowel
oin,w5,Vowel
om,§,Vowel
on,§,Vowel
ont,§,Vowel
ou,u,Vowel
ou,w,Vowel
oy,waj,Vowel
oî,wa,Vowel
où,u,Vowel
oû,u,Vowel
p,p,Consonant
p,#,Silent
ph,f,Consonant
pp,p,Consonant
q,k,Consonant
qu,k,Consonant
r,r,Consonant
r,#,Silent
r,R,Consonant
rr,r,Consonant
rr,R,Consonant
s,s,Consonant
s,#,Silent
s,z,Consonant
sc,s,Consonant
ss,s,Consonant
t,#,Silent
t,t,Consonant
t,s,Consonant
th,t,Consonant
tt,t,Consonant
u,8,Vowel
u,y,Vowel
un,1,Vowel
v,v,Consonant
w,w,Consonant
w,#,Silent
x,#,Silent
x,s,Consonant
x,ks,Consonant
x,gz,Consonant
y,i,Vowel
y,j,Consonant
y,ij,Vowel
ym,5,Vowel
z,z,Consonant
z,#,Silent
«,«,Silent
»,»,Silent
à,a,Vowel
â,a,Vowel
ç,s,Consonant
è,E,Vowel
é,e,Vowel
ê,E,Vowel
ë,E,Vowel
î,i,Vowel
ô,o,Vowel
ô,O,Vowel
û,y,Vowel
œu,2,Silent
œu,9,Silent
