ORTHO,GPMATCH,LESSON
la,(l-l.a-a),6
le,(l-l.e-%),6
li,(l-l.i-i),6
lo,(l-l.o-o),6
lu,(l-l.u-y),6
al,(a-a.l-l),6
il,(i-i.l-l),6
ol,(o-o.l-l),6
ul,(u-y.l-l),6
ma,(m-m.a-a),7
me,(m-m.e-%),7
mi,(m-m.i-i),7
mo,(m-m.o-o),7
mu,(m-m.u-y),7
sa,(s-s.a-a),8
se,(s-s.e-%),8
si,(s-s.i-i),8
so,(s-s.o-o),8
su,(s-s.u-y),8
as,(a-a.s-s),8
is,(i-i.s-s),8
os,(o-o.s-s),8
us,(u-y.s-s),8
lé,(l-l.é-e),9
vé,(v-v.é-e),10
sé,(s-s.é-e),9
va,(v-v.a-a),10
ve,(v-v.e-%),10
vi,(v-v.i-i),10
vo,(v-v.o-o),10
vu,(v-v.u-y),10
av,(a-a.v-v),10
iv,(i-i.v-v),10
ov,(o-o.v-v),10
uv,(u-y.v-v),10
év,(é-e.v-v),10
ra,(r-r.a-a),11
re,(r-r.e-%),11
ri,(r-r.i-i),11
ro,(r-r.o-o),11
ru,(r-r.u-y),11
ré,(r-r.é-e),11
ar,(a-a.r-r),11
ir,(i-i.r-r),11
or,(o-o.r-r),11
ur,(u-y.r-r),11
sou,(s-s.ou-u),12
lou,(l-l.ou-u),12
ous,(ou-u.s-s),12
oul,(ou-u.l-l),12
oum,(ou-u.m-m),12
our,(ou-u.r-r),12
rou,(r-r.ou-u),12
mou,(m-m.ou-u),12
na,(n-n.a-a),14
ne,(n-n.e-%),14
ni,(n-n.i-i),14
no,(n-n.o-o),14
nu,(n-n.u-y),14
né,(n-n.é-e),14
in,(i-i.n-n),14
on,(o-o.n-n),14
fé,(f-f.é-e),16
fa,(f-f.a-a),16
fi,(f-f.i-i),16
fe,(f-f.e-%),16
fo,(f-f.o-o),16
fu,(f-f.u-y),16
fou,(f-f.ou-u),16
af,(a-a.f-f),16
if,(i-i.f-f),16
of,(o-o.f-f),16
uf,(u-y.f-f),16
ouf,(ou-u.f-f),16
cha,(ch-S.a-a),17
chi,(ch-S.i-i),17
che,(ch-S.e-%),17
cho,(ch-S.o-o),17
chu,(ch-S.u-y),17
ach,(a-a.ch-S),17
oich,(oi-wa.ch-S),22
uch,(u-y.ch-S),17
ja,(j-Z.a-a),18
ji,(j-Z.i-i),18
je,(j-Z.e-%),18
jo,(j-Z.o-o),18
ju,(j-Z.u-y),18
jou,(j-Z.ou-u),18
da,(d-d.a-a),19
de,(d-d.e-%),19
di,(d-d.i-i),19
do,(d-d.o-o),19
du,(d-d.u-y),19
ad,(a-a.d-d),19
id,(i-i.d-d),19
od,(o-o.d-d),19
oud,(ou-u.d-d),19
ta,(t-t.a-a),20
ti,(t-t.i-i),20
te,(t-t.e-%),20
to,(t-t.o-o),20
tu,(t-t.u-y),20
té,(t-t.é-e),20
at,(a-a.t-t),20
it,(i-i.t-t),20
ot,(o-o.t-t),20
ut,(u-y.t-t),20
pa,(p-p.a-a),21
pi,(p-p.i-i),21
pe,(p-p.e-%),21
po,(p-p.o-o),21
pu,(p-p.u-y),21
pé,(p-p.é-e),21
ap,(a-a.p-p),21
ip,(i-i.p-p),21
op,(o-o.p-p),21
up,(u-y.p-p),21
ca,(c-k.a-a),23
co,(c-k.o-o),23
ac,(a-a.c-k),23
ic,(i-i.c-k),23
oc,(o-o.c-k),23
uc,(u-y.c-k),23
ba,(b-b.a-a),25
bo,(b-b.o-o),25
bu,(b-b.u-y),25
bi,(b-b.i-i),25
bé,(b-b.é-e),25
bou,(b-b.ou-u),25
bè,(b-b.è-E),25
ab,(a-a.b-b),25
ib,(i-i.b-b),25
ob,(o-o.b-b),25
ub,(u-y.b-b),25
oub,(ou-u.b-b),25
ga,(g-g.a-a),26
go,(g-g.o-o),26
gu,(g-g.u-y),26
gou,(g-g.ou-u),26
gui,(gu-g.i-i),26
guy,(gu-g.y-i),26
gué,(gu-g.é-e),26
gue,(gu-g.e-%),26
es,(es-e),29
les,(l-l.es-e),29
des,(d-d.es-e),29
tes,(t-t.es-e),29
ses,(s-s.es-e),29
mes,(m-m.es-e),29
ka,(k-k.a-a),34
ko,(k-k.o-o),34
ki,(k-k.i-i),34
zo,(z-z.o-o),37
zu,(z-z.u-y),37
az,(a-a.z-z),37
iz,(i-i.z-z),37
oz,(o-o.z-z),37
uz,(u-y.z-z),37
bon,(b-b.on-§),27
son,(s-s.on-§),27
mon,(m-m.on-§),27
ton,(t-t.on-§),27
oi,(oi-wa),22
poi,(p-p.oi-wa),22
soi,(s-s.oi-wa),22
roi,(r-r.oi-wa),22
oir,(oi-wa.r-r),22
ois,(oi-wa.s-s),22
dè,(d-d.è-E),24
mè,(m-m.è-E),24
pè,(p-p.è-E),24
tê,(t-t.ê-E),24
bê,(b-b.ê-E),25
que,(qu-k.e-%),28
qui,(qu-k.i-i),28
an,(an-@),32
ban,(b-b.an-@),32
tan,(t-t.an-@),32
man,(m-m.an-@),32
en,(en-@),31
ven,(v-v.en-@),31
ren,(r-r.en-@),31
sen,(s-s.en-@),31
au,(au-o),33
ign,(i-i.gn-N),55
ogn,(o-o.gn-N),55
agn,(a-a.gn-N),55
oin,(oin-w5),38
ain,(ain-5),36
loin,(l-l.oin-w5),38
bain,(b-b.ain-5),36
lai,(l-l.ai-E),35
fai,(f-f.ai-E),35
ai,(ai-E),35
ci,(c-s.i-i),40
cy,(c-s.y-i),40
ce,(c-s.e-%),40
iç,(i-i.ç-s),40
ça,(ç-s.a-a),40
ço,(ç-s.o-o),40
pem,(p-p.em-@),42
tem,(t-t.em-@),42
lem,(l-l.em-@),42
mem,(m-m.em-@),42
ax,(a-a.x-ks),54
ix,(i-i.x-ks),54
ox,(o-o.x-ks),54
ux,(u-y.x-ks),54
xu,(x-ks.u-y),54
xi,(x-ks.i-i),54
xa,(x-ks.a-a),54
eau,(eau-o),52
beau,(b-b.eau-o),52
peau,(p-p.eau-o),52
veau,(v-v.eau-o),52
om,(om-§),44
bom,(b-b.om-§),44
lom,(l-l.om-§),44
zom,(z-z.om-§),44
aim,(aim-5),45
faim,(f-f.aim-5),45
saim,(s-s.aim-5),45
ge,(g-Z.e-%),46
gy,(g-Z.y-i),46
gi,(g-Z.i-i),46
ose,(o-o.s-z.e-#),47
ise,(i-i.s-z.e-#),47
ase,(a-a.s-z.e-#),47
use,(u-y.s-z.e-#),47
bien,(b-b.i-j.en-5),49
rien,(r-r.i-j.en-5),49
vien,(v-v.i-j.en-5),49
tien,(t-t.i-j.en-5),49
ym,(ym-5),45
