Sentence,Lesson
Il a lu.,6
Il a mal.,7
Il y a le lama.,7
Il a sali le sol.,8
Il a le lasso.,8
Il a semé le lama.,9
Il a lavé le sas.,10
Il a vissé la vis.,10
Le vélo a sali le sol.,10
Il va à la villa.,10
Il y a le mari.,11
Il va sur Mars.,11
Il a râlé.,11
Il a survolé Mars.,11
Il va ouvrir la villa.,12
Le sou a roulé sur le sol.,12
Il a réussi.,11
La souris se mit sur le lit.,13
Il se lave.,10
Il y va à vélo.,10
La sonnerie a sonné.,14
La louve salue la Lune.,14
Le narval va sous le navire.,14
Le lilas orne le mur.,14
Il lit le menu.,14
Il a nourrit le lama.,14
Il rit.,13
La loi du roi fut dure.,22
Ma tata m'a amenée à la foire.,22
Papy pédale à vélo !,21
Papa part à vélo.,21
La pie a lâché une jolie plume.,21
Je lis le titre du livre.,20
La cascade coule de la roche.,23
La clé ouvre la porte.,23
Je suis très rapide !,24
Ouvre la fenêtre.,24
La fête a duré toute la nuit.,24
Il aura la crêpe à la banane.,33
La farine se prépare à partir du blé.,25
Le crabe se balade sur la sable.,25
Je lis à ma copine.,23
Le bébé a bu tout le bol de soupe,25
Le tigre chasse la biche.,26
Le cheval galope à toute allure.,26
La pirogue a chaviré sous la vague.,26
La dame porte une jolie bague.,26
Je suis ravi de te voir !,22
Papa conduira le gros camion.,27
Le dragon survole la tour.,27
Ne gratte pas le bouton sur ton bras.,27
Ils font du café.,27
Le chat noir ronronne sur le canapé.,27
Mamie tricote un pull.,23
Apporte ton ballon !,27
Ne taquine pas ta copine !,28
Il y a Lio.,6
Le sumo sua.,8
Léo a salé le samossa.,9
Il a salué Léo.,15
Sissi massa sa mémé.,9
Il a lu le mémo.,9
Il va venir.,14
La poule remue sa plume.,21
Il joue une ballade sur sa guitare.,26
Le bouchon se bloque.,28
Tu es très fort ! ,39
Il est très fort !,39
Il est pas à la boutique.,39
Il est rapide.,39
Tu es triste.,39
Il est triste.,39
Tu es sorti.,39
Il est sorti.,39
Il gravit lentement la pente.,31
Le vent souffle fort sur la colline.,31
Je me brosse les dents,31
Qui est de retour.,39
Papi regarde un film à la télé.,26
Il sèche la tâche sur sa manche.,32
La taupe vit sous le sol.,33
Le judoka enfile son kimono.,34
Je sais lire !,35
Le lutin plante des carottes dans le jardin.,39
La tarte sent si bon.,31
Je vide les ordures.,19
Il a cassé une tasse.,23
La mouette a volé nos chips.,39
Je retourne la terre avec une pelle.,39
Enfile ta veste.,39
Il a perdu sa clé.,39
La vache vit animal à la ferme.,39
Quelle chance! ,40
Nous allons avec papy pour les vacances.,40
Tu dessines un carré.,39
Le sol est couvert de glace.,40
Le sol glisse à la piscine.,40
Le cyclone souffle fort sur le port.,40
Les soldats ont été pris dans une embuscade.,42
La petite courut vers sa maman.,39
Papa remue la soupe.,21
Il allume sa lampe dans sa chambre.,43
Elle coupe des tranches de jambon cru.,43
Le bébé est un amour.,39
Le bambou pousse dans la jungle.,43
Nous avons décoré ma chambre.,43
Il joue du trombone,44
On coupe les pommes pour la compote.,44
La pomme est bonne.,39
Le rôti cuit au four.,33
La cloche sonne minuit.,23
Bonne nuit.,25
Son père lui raconte un conte de fées.,27
Écoute la chanson à la radio.,32
La lionne chasse la gazelle.,39
Le lion garde sa tribu.,27
Elle est sympa.,45
Elle est impolie.,45
Maman a ajouté un brin de romarin au ragoût.,36
Il est malin.,39
Elle a étendu le linge sur la corde.,46
Je suis allé à un spectacle de magie.,46
Elle a rempli le vase de roses.,47
La fusée décolle de la Terre.,47
Elle a compris la ruse.,47
Je me suis assis à table.,25
Mon cousin est venu pour les vacances.,47
Le wapiti est un grand cerf.,66
Nous allons en vacances à la plage.,46
Tu as cinq ans.,40
Il a noué le fil fort sur le mât.,16
Le lilas a fané.,16
Il a fini le livre.,16
Le fruit a mûri.,16
Il a vu le film.,16
Il offre un vélo à Léo.,16
Il a mis une affiche sur le mur.,17
Flore se mouche.,17
La machine marche.,17
Le marché ouvre.,17
Le chat a filé sous le char.,17
La vache mâche le chou.,17
Je me réjouis ! ,18
Je lis le journal.,18
Je suis ravi !,18
Le chat chasse la souris.,17
Je marche sur la dune.,19
Il nous a donné de la limonade.,19
Je me suis douché.,19
La marmotte dort toute la journée.,20
Il dort toute la journée.,20
Finis ta tartine.,20
Voilà une idée !,22
Il admire la lune.,19
Allons jouer au ballon dans le parc.,48
Nous irons au parc.,33
Papa m'a offert un bouquet de muguet.,50
Ferme les volets.,50
Elle a attrapé un poisson dans le filet.,50
La dame mange la tarte.,46
Les dames mangent la tarte.,46
Le bébé ne dort pas.,25
Les bébés ne dorment pas.,31
Le bus roule dans la rue.,32
Les bus roulent dans la rue.,32
Le chat grimpe.,45
Les chats grimpent.,45
Je me sèche avec une serviette.,39
Le corbeau est un oiseau.,52
Je bois du thé en hiver.,53
Papa nous lit une histoire.,53
Ils jouent dehors.,53
Elle adore manger des huîtres sur la plage.,53
Mon frère a un an.,32
Ceci est un message confidentiel !,60
Le bébé boit son biberon.,27
Il commande la crêpe fourrée de chocolat.,32
Elle est parti en taxi.,54
Tu as mangé trop de bonbons.,57
Mamie est malade.,39
Le cygne flotte sur la mare.,55
Les vignes poussent dans le vignoble.,55
Mon cousin est un guignol !,55
Viens chez moi !,56
Venez chez moi !,56
Tu manges au restaurant.,46
Vous mangez au restaurant.,56
Tu marches vite.,20
Vous marchez vite.,56
Le marchand vend des légumes sur le marché.,57
Le filet de poisson grille dans le four.,64
Ils ont descendu le fleuve sur leur radeau.,52
Le vieux chien se repose.,49
On se rend à la piscine.,57
Maman a attaché ses longs cheveux.,57
Il a gagné un trophée au tennis.,61
Le phare éclaire le chemin des bateaux.,61
Nous payons le loyer.,62
Je balaie les miettes sur le sol.,39
Envoyez la lettre par la poste.,62
Le pêcheur a attrapé plein de seiches dans son filet.,63
Notre équipe a reçu une médaille.,64
Le bouilloire siffle.,64
Il a voulu réussir.,12
Il ouvre la valse.,12
Il a vu le navire sur la rive.,14
Il va vivre sur une ile.,14
Une alarme sonne.,14
Le rat vit sous la ville.,13
À minuit il sort.,15
Il avale une olive.,14
Le cheval a chassé le chat.,17
Il a joué un domino.,19
Allume la radio.,19
Il se mouche.,17
Tu sorti le chat.,20
Il a déjà fini le livre.,19
Le chat a attrapé une truite.,21
La poule picore.,23
Ma copine coupe la carotte.,23
Le jour se lève.,24
Papa va à la douche.,21
Il se prépare vite.,21
Il boit à sa gourde.,26
Coupe le légume.,26
Le bus arrive.,25
Apporte ton livre.,27
On a la quiche pour le déjeuner.,48
Tu es à la boutique.,39
Tu es rapide.,39
Regarde par la vitre.,26
Le téléski nous remonte sur la piste de ski.,34
La météo est glacée en ce moment.,40
Je dessine un cercle.,40
Nous irons écouter un concert.,48
Il a renversé du jus sur son pantalon.,39
Mon cousin est mignon.,55
Un noyer pousse dans mon jardin.,62
Il a ramassé l'or.,11
Il a semé l'iris.,11
L'ours se lava.,12
Il a volé l'or.,11
Il a savouré le ravioli.,12
Il y a l'ours.,12
Il a lu le livre à Mia.,11
Il lit le menu à Nour.,14
Nina va sur la Lune.,14
L'amour nous réunit.,14
Noé savonne l'âne.,14
Il a suivi l'animal.,15
Il l'a suivi.,15
Fiona la fée vole.,16
Le jus me ravive.,18
J'adore dormir sur un lit doux.,19
Réda a un défi de judo à réussir.,19
Le chat a chassé la dorade.,19
J'ai dormi toute la nuit.,35
Tom lit vite.,20
L'oie a avalé la fourmis.,22
La petite poule rousse s'échappe de la patte de la louve affamée.,21
Paloma a mis sa jolie jupe à froufrous.,21
Le chat chasse à l'affût !,17
Le car amène Caroline à l'école.,24
Oscar écoute le flûte.,23
J'écris une carte postale pour papi.,23
Ma mère préparera une tarte à la pêche pour ma fête.,24
Barnabé a bricolé un lit pour le bébé.,25
N'oublie pas de nourrir la poule.,25
La mousson souffle fort sur l'ile.,27
On doit partir à l'école.,27
Mamie a ramené de son séjour à Paris une boîte de macarons.,27
Le coq crie « cocorico ! »,28
J'achète une robe pour la fête !,25
Tu n'es pas parti.,39
Il n'est pas parti.,39
Tu es à l'école.,39
Il est à l'école.,39
Julia enfile ses gants avant de sortir.,39
Kalulu est un très joli lièvre !,39
Karim porte un anorak kaki.,34
J'ai tondu mes moutons.,39
L'aigle déploie ses ailes.,39
J'ai acheté une jolie paire de chaussures.,35
Maman sort une tarte tatin du four.,36
J'ai vu un zèbre au zoo.,37
Juliette a vu ses copines au parc.,39
Elle a couru à toute vitesse jusqu'à elles.,39
Lucie presse des citrons pour la limonade.,40
Noé pédale vite sur son tricycle.,40
Les iris jaunes embelliront le jardin.,36
J'ai pris une pomme en dessert.,39
Elle remit le livre à la maitresse.,39
Ma chambre n'est pas propre.,43
Il s'est coupé avec la lame.,39
Maman prépare un sauté de gambas.,33
J'ai de bons amis.,35
Mon cousin s'est assis sur le coussin.,47
Le chiot mâche l'os.,17
Elle s'allonge sur le coussin.,46
J'ai reçu des cadeaux !,52
J'ai appris à lire !,35
Les livres sont en haut de l'étagère.,53
Sara en a mangé six bonbons.,54
Mettez vos chaussures avant d'aller dehors.,56
Venez chez moi après l'école.,56
Je me suis assis sur un tronc d'arbre.,57
J'ai fait tomber toutes les quilles.,64
La poule a pondu combien d'œufs.,59
Je mets deux œufs dans l'omlette.,59
L'éléphant est un animal très grand avec une trompe.,61
J'apprends l'alphabet à ma petite sœur.,61
Les typhons sont des tempêtes tropicales.,61
J'ai envoyé une lettre de mon voyage.,62
L'écureuil a caché ses noix.,64
L'épouvantail fait si peur aux corbeaux.,64
Tu travailles dur à l'école.,64
La grenouille vit près de l'étang.,64
Vous savez danser le twist.,66
Maman a préparé un sauté au wok.,66
Le wombat ressemble à un petit ours.,66
Le wallaby ressemblant à un kangourou de petite taille.,66
Il y a le métro.,20
Écoute la dame qui parle.,28
Silence pendant que nous regardons le film.,40
Vous devez prendre le bus.,56
Nous avons cueilli des kiwis sur l'arbre.,66
