ORTHO,GPMATCH,LESSON
le,(l-l.e-%),6
un,(un-1),15
de,(d-d.e-%),19
il,(i-i.l-l),6
et,(et-e),50
à,(à-a),1
dans,(d-d.an-@.s-#),32
je,(j-Z.e-%),18
qui,(qu-k.i-i),28
du,(d-d.u-y),19
en,(en-@),31
se,(s-s.e-%),8
pour,(p-p.ou-u.r-R),21
tu,(t-t.u-y),20
avec,(a-a.v-v.e-E.c-k),39
sur,(s-s.u-y.r-R),11
son,(s-s.on-§),27
pas,(p-p.a-a.s-#),21
au,(au-o),33
ne,(n-n.e-%),14
petit,(p-p.e-%.t-t.i-i.t-#),21
mais,(m-m.ai-E.s-#),35
lui,(l-l.u-8.i-i),15
on,(on-§),27
que,(qu-k.e-%),28
plus,(p-p.l-l.u-y.s-#),21
bien,(b-b.i-j.en-5),49
maman,(m-m.a-a.m-m.an-@),32
y,(y-i),2
très,(t-t.r-R.è-E.s-#),24
faire,(f-f.ai-E.r-R.e-°),35
mon,(m-m.on-§),27
ce,(c-s.e-%),40
chat,(ch-S.a-a.t-#),17
moi,(m-m.oi-wa),22
tout,(t-t.ou-u.t-#),20
vous,(v-v.ou-u.s-#),13
maison,(m-m.ai-E.s-z.on-§),47
nous,(n-n.ou-u.s-#),14
vite,(v-v.i-i.t-t.e-°),20
aussi,(au-o.ss-s.i-i),33
papa,(p-p.a-a.p-p.a-a),21
deux,(d-d.eu-2.x-#),41
par,(p-p.a-a.r-R),21
comme,(c-k.o-O.mm-m.e-°),23
où,(où-u),12
eau,(eau-o),52
ou,(ou-u),12
quand,(qu-k.an-@.d-#),57
si,(s-s.i-i),8
jardin,(j-Z.a-a.r-R.d-d.in-5),36
école,(é-e.c-k.o-O.l-l.e-°),23
alors,(a-a.l-l.o-O.r-R.s-#),13
chez,(ch-S.ez-e),56
là,(l-l.à-a),6
tête,(t-t.ê-E.t-t.e-°),24
toi,(t-t.oi-wa),22
non,(n-n.on-§),27
te,(t-t.e-%),20
jour,(j-Z.ou-u.r-R),18
lit,(l-l.i-i.t-#),13
histoire,(h-#.i-i.s-s.t-t.oi-wa.r-R.e-°),53
puis,(p-p.u-8.i-i.s-#),21
peu,(p-p.eu-2),41
ça,(ç-s.a-a),40
me,(m-m.e-%),7
oui,(ou-w.i-i),12
encore,(en-@.c-k.o-O.r-R.e-°),31
chien,(ch-S.i-j.en-5),49
nuit,(n-n.u-8.i-i.t-#),15
voiture,(v-v.oi-wa.t-t.u-y.r-R.e-°),22
trois,(t-t.r-R.oi-wa.s-#),22
poisson,(p-p.oi-wa.ss-s.on-§),27
trop,(t-t.r-R.o-o.p-#),57
rue,(r-R.u-y.e-#),13
temps,(t-t.em-@.p-#.s-#),57
gros,(g-g.r-R.o-o.s-#),26
maintenant,(m-m.ain-5.t-t.e-°.n-n.an-@.t-#),36
matin,(m-m.a-a.t-t.in-5),36
sans,(s-s.an-@.s-#),32
bon,(b-b.on-§),27
chaque,(ch-S.a-a.qu-k.e-°),28
fois,(f-f.oi-wa.s-#),22
beaucoup,(b-b.eau-o.c-k.ou-u.p-#),57
beau,(b-b.eau-o),52
rien,(r-R.i-j.en-5),49
ours,(ou-u.r-R.s-s),12
grand,(g-g.r-R.an-@.d-#),57
lire,(l-l.i-i.r-R.e-°),11
sous,(s-s.ou-u.s-#),13
peur,(p-p.eu-9.r-R),41
voilà,(v-v.oi-wa.l-l.à-a),22
livre,(l-l.i-i.v-v.r-R.e-%),11
rouge,(r-R.ou-u.g-Z.e-°),46
soleil,(s-s.o-O.l-l.eil-Ej),64
vélo,(v-v.é-e.l-l.o-o),10
voir,(v-v.oi-wa.r-R),22
monde,(m-m.on-§.d-d.e-°),27
nez,(n-n.ez-e),56
neige,(n-n.ei-E.g-Z.e-°),63
porte,(p-p.o-O.r-R.t-t.e-°),21
ami,(a-a.m-m.i-i),7
quel,(qu-k.e-E.l-l),39
leur,(l-l.eu-9.r-R),41
garçon,(g-g.a-a.r-R.ç-s.on-§),40
manger,(m-m.an-@.g-Z.er-e),48
loin,(l-l.oin-w5),38
même,(m-m.ê-E.m-m.e-°),24
soir,(s-s.oi-wa.r-R),22
loup,(l-l.ou-u.p-#),57
tortue,(t-t.o-O.r-R.t-t.u-y.e-#),20
forêt,(f-f.o-O.r-R.ê-E.t-#),24
vrai,(v-v.r-R.ai-E),35
souris,(s-s.ou-u.r-R.i-i.s-#),13
père,(p-p.è-E.r-R.e-°),24
coup,(c-k.ou-u.p-#),57
vers,(v-v.e-E.r-R.s-#),39
toujours,(t-t.ou-u.j-Z.ou-u.r-R.s-#),20
sac,(s-s.a-a.c-k),23
table,(t-t.a-a.b-b.l-l.e-%),25
feu,(f-f.eu-2),41
yeux,(y-j.eu-2.x-#),65
côté,(c-k.ô-o.t-t.é-e),23
lune,(l-l.u-y.n-n.e-°),14
rivière,(r-R.i-i.v-v.i-j.è-E.r-R.e-°),24
pomme,(p-p.o-O.mm-m.e-°),21
être,(ê-E.t-t.r-R.e-%),24
pendant,(p-p.en-@.d-d.an-@.t-#),32
fête,(f-f.ê-E.t-t.e-°),24
rat,(r-R.a-a.t-#),13
bois,(b-b.oi-wa.s-#),25
aller,(a-a.ll-l.er-e),48
oiseau,(oi-wa.s-z.eau-o),52
chocolat,(ch-S.o-O.c-k.o-O.l-l.a-a.t-#),23
ton,(t-t.on-§),27
après,(a-a.p-p.r-R.è-E.s-#),24
air,(ai-E.r-R),35
voici,(v-v.oi-wa.c-s.i-i),40
vert,(v-v.e-E.r-R.t-#),39
route,(r-R.ou-u.t-t.e-°),20
vent,(v-v.en-@.t-#),31
près,(p-p.r-R.è-E.s-#),24
bruit,(b-b.r-R.u-8.i-i.t-#),25
jouer,(j-Z.ou-w.er-e),48
jamais,(j-Z.a-a.m-m.ai-E.s-#),35
renard,(r-R.e-%.n-n.a-a.r-R.d-#),57
main,(m-m.ain-5),36
arbre,(a-a.r-R.b-b.r-R.e-%),25
autre,(au-o.t-t.r-R.e-%),33
quatre,(qu-k.a-a.t-t.r-R.e-%),28
déjà,(d-d.é-e.j-Z.à-a),19
bonjour,(b-b.on-§.j-Z.ou-u.r-R),27
lapin,(l-l.a-a.p-p.in-5),36
mère,(m-m.è-E.r-R.e-°),24
bébé,(b-b.é-e.b-b.é-e),25
pot,(p-p.o-o.t-#),21
lait,(l-l.ai-E.t-#),35
chambre,(ch-S.am-@.b-b.r-R.e-%),43
bientôt,(b-b.i-j.en-5.t-t.ô-o.t-#),49
vieux,(v-v.i-j.eu-2.x-#),41
homme,(h-#.o-O.mm-m.e-°),53
dos,(d-d.o-o.s-#),19
roi,(r-R.oi-wa),22
car,(c-k.a-a.r-R),23
fenêtre,(f-f.e-%.n-n.ê-E.t-t.r-R.e-%),24
bord,(b-b.o-O.r-R.d-#),57
train,(t-t.r-R.ain-5),36
pourquoi,(p-p.ou-u.r-R.qu-k.oi-wa),28
chercher,(ch-S.e-E.r-R.ch-S.er-e),48
chapeau,(ch-S.a-a.p-p.eau-o),52
mer,(m-m.e-E.r-R),39
château,(ch-S.â-a.t-t.eau-o),52
partir,(p-p.a-a.r-R.t-t.i-i.r-R),21
pré,(p-p.r-R.é-e),21
enfant,(en-@.f-f.an-@.t-#),32
avoir,(a-a.v-v.oi-wa.r-R),22
nom,(n-n.om-§),44
frère,(f-f.r-R.è-E.r-R.e-°),24
montagne,(m-m.on-§.t-t.a-a.gn-N.e-°),55
glace,(g-g.l-l.a-a.c-s.e-°),40
patte,(p-p.a-a.tt-t.e-°),21
pain,(p-p.ain-5),36
avant,(a-a.v-v.an-@.t-#),32
heureux,(h-#.eu-2.r-R.eu-2.x-#),53
quoi,(qu-k.oi-wa),28
classe,(c-k.l-l.a-a.ss-s.e-°),23
enfin,(en-@.f-f.in-5),36
place,(p-p.l-l.a-a.c-s.e-°),40
queue,(qu-k.eu-2.e-#),41
sucre,(s-s.u-y.c-k.r-R.e-%),23
fort,(f-f.o-O.r-R.t-#),16
tour,(t-t.ou-u.r-R),20
pauvre,(p-p.au-o.v-v.r-R.e-%),33
cela,(c-s.e-%.l-l.a-a),40
blanc,(b-b.l-l.an-@.c-#),57
salade,(s-s.a-a.l-l.a-a.d-d.e-°),19
bout,(b-b.ou-u.t-#),25
pluie,(p-p.l-l.u-8.i-i.e-#),21
cheval,(ch-S.e-%.v-v.a-a.l-l),17
fromage,(f-f.r-R.o-O.m-m.a-a.g-Z.e-°),46
point,(p-p.oin-w5.t-#),38
jeu,(j-Z.eu-2),41
autour,(au-o.t-t.ou-u.r-R),33
contre,(c-k.on-§.t-t.r-R.e-%),27
papier,(p-p.a-a.p-p.i-j.er-e),48
robot,(r-R.o-O.b-b.o-o.t-#),25
course,(c-k.ou-u.r-R.s-s.e-°),23
heure,(h-#.eu-9.r-R.e-°),53
télévision,(t-t.é-e.l-l.é-e.v-v.i-i.s-z.i-j.on-§),47
cinq,(c-s.in-5.q-k),40
jaune,(j-Z.au-o.n-n.e-°),33
devant,(d-d.e-%.v-v.an-@.t-#),32
comment,(c-k.o-O.mm-m.en-@.t-#),31
idée,(i-i.d-d.é-e.e-#),19
madame,(m-m.a-a.d-d.a-a.m-m.e-°),19
coin,(c-k.oin-w5),38
gâteau,(g-g.â-a.t-t.eau-o),52
dire,(d-d.i-i.r-R.e-°),19
ni,(n-n.i-i),14
noir,(n-n.oi-wa.r-R),22
éléphant,(é-e.l-l.é-e.ph-f.an-@.t-#),61
chemin,(ch-S.e-°.m-m.in-5),36
moto,(m-m.o-O.t-t.o-o),20
fil,(f-f.i-i.l-l),16
voix,(v-v.oi-wa.x-#),22
robe,(r-R.o-O.b-b.e-°),25
ici,(i-i.c-s.i-i),40
couleur,(c-k.ou-u.l-l.eu-9.r-R),41
votre,(v-v.o-O.t-t.r-R.e-%),20
besoin,(b-b.e-%.s-z.oin-w5),47
moment,(m-m.o-O.m-m.en-@.t-#),31
exercice,(e-E.x-gz.e-E.r-R.c-s.i-i.c-s.e-°),54
feuille,(f-f.eu-9.ill-j.e-°),64
donner,(d-d.o-O.nn-n.er-e),48
bras,(b-b.r-R.a-a.s-#),25
joli,(j-Z.o-O.l-l.i-i),18
tarte,(t-t.a-a.r-R.t-t.e-°),20
mal,(m-m.a-a.l-l),7
salle,(s-s.a-a.ll-l.e-°),8
mot,(m-m.o-o.t-#),13
milieu,(m-m.i-i.l-l.i-j.eu-2),41
repas,(r-R.e-%.p-p.a-a.s-#),21
avion,(a-a.v-v.i-j.on-§),27
peinture,(p-p.t-t.u-y.r-R.e-°),21
boîte,(b-b.oî-wa.t-t.e-°),25
mercredi,(m-m.e-E.r-R.c-k.r-R.e-%.d-d.i-i),39
cuisine,(c-k.u-8.i-i.s-z.i-i.n-n.e-°),47
prendre,(p-p.r-R.en-@.d-d.r-R.e-%),31
musique,(m-m.u-y.s-z.i-i.qu-k.e-°),47
ciel,(c-s.i-j.e-E.l-l),40
bleu,(b-b.l-l.eu-2),41
farine,(f-f.a-a.r-R.i-i.n-n.e-°),16
notre,(n-n.o-O.t-t.r-R.e-%),20
tard,(t-t.a-a.r-R.d-#),57
moins,(m-m.oin-w5.s-#),38
drôle,(d-d.r-R.ô-o.l-l.e-°),19
journée,(j-Z.ou-u.r-R.n-n.é-e.e-#),18
nid,(n-n.i-i.d-#),57
animal,(a-a.n-n.i-i.m-m.a-a.l-l),14
tapis,(t-t.a-a.p-p.i-i.s-#),21
bec,(b-b.e-E.c-k),39
sapin,(s-s.a-a.p-p.in-5),36
été,(é-e.t-t.é-e),20
suite,(s-s.u-8.i-i.t-t.e-°),20
ballon,(b-b.a-a.ll-l.on-§),27
cirque,(c-s.i-i.r-R.qu-k.e-°),40
départ,(d-d.é-e.p-p.a-a.r-R.t-#),21
maître,(m-m.aî-E.t-t.r-R.e-%),35
mieux,(m-m.i-j.eu-2.x-#),41
téléphone,(t-t.é-e.l-l.é-e.ph-f.o-O.n-n.e-°),61
assez,(a-a.ss-s.ez-e),56
travail,(t-t.r-R.a-a.v-v.a-a.il-j),64
personne,(p-p.e-E.r-R.s-s.o-O.nn-n.e-°),39
photo,(ph-f.o-O.t-t.o-o),61
sortir,(s-s.o-O.r-R.t-t.i-i.r-R),20
pays,(p-p.s-#),21
ensemble,(en-@.s-s.em-@.b-b.l-l.e-%),42
journal,(j-Z.ou-u.r-R.n-n.a-a.l-l),18
joie,(j-Z.oi-wa.e-°),22
fleur,(f-f.l-l.eu-9.r-R),41
attraper,(a-a.tt-t.r-R.a-a.p-p.er-e),48
chose,(ch-S.o-o.s-z.e-°),47
fin,(f-f.in-5),36
lion,(l-l.i-j.on-§),27
seul,(s-s.eu-9.l-l),41
demain,(d-d.e-%.m-m.ain-5),36
entre,(en-@.t-t.r-R.e-%),31
panier,(p-p.a-a.n-n.i-j.er-e),48
mur,(m-m.u-y.r-R),11
trou,(t-t.r-R.ou-u),20
bouquet,(b-b.ou-u.qu-k.et-E),50
voyage,(v-v.oy-waj.a-a.g-Z.e-°),62
secours,(s-s.e-%.c-k.ou-u.r-R.s-#),23
lendemain,(l-l.en-@.d-d.e-°.m-m.ain-5),36
bateau,(b-b.a-a.t-t.eau-o),52
guitare,(gu-g.i-i.t-t.a-a.r-R.e-°),26
cadeau,(c-k.a-a.d-d.eau-o),52
pont,(p-p.on-§.t-#),27
gens,(g-Z.en-@.s-#),46
malade,(m-m.a-a.l-l.a-a.d-d.e-°),19
âne,(â-a.n-n.e-°),14
carte,(c-k.a-a.r-R.t-t.e-°),23
sol,(s-s.o-O.l-l),8
passer,(p-p.a-a.ss-s.er-e),48
ligne,(l-l.i-i.gn-N.e-°),55
poule,(p-p.ou-u.l-l.e-°),21
souvent,(s-s.ou-u.v-v.en-@.t-#),31
longtemps,(l-l.on-§.g-#.t-t.em-@.p-#.s-#),57
année,(a-a.nn-n.é-e.e-#),14
vraiment,(v-v.r-R.ai-E.m-m.en-@.t-#),35
déjeuner,(d-d.é-e.j-Z.eu-9.n-n.er-e),48
midi,(m-m.i-i.d-d.i-i),19
mois,(m-m.oi-wa.s-#),22
corbeau,(c-k.o-O.r-R.b-b.eau-o),52
poupée,(p-p.ou-u.p-p.é-e.e-#),21
fantôme,(f-f.an-@.t-t.ô-o.m-m.e-°),32
ensuite,(en-@.s-s.u-8.i-i.t-t.e-°),31
dix,(d-d.i-i.x-s),54
colère,(c-k.o-O.l-l.è-E.r-R.e-°),24
exemple,(e-E.x-gz.em-@.p-p.l-l.e-%),54
ventre,(v-v.en-@.t-t.r-R.e-%),31
vache,(v-v.a-a.ch-S.e-°),17
demande,(d-d.e-%.m-m.an-@.d-d.e-°),32
chemise,(ch-S.e-%.m-m.i-i.s-z.e-°),47
piscine,(p-p.i-i.sc-s.i-i.n-n.e-°),40
toit,(t-t.oi-wa.t-#),22
bouche,(b-b.ou-u.ch-S.e-°),25
rose,(r-R.o-o.s-z.e-°),47
froid,(f-f.r-R.oi-wa.d-#),57
étoile,(é-e.t-t.oi-wa.l-l.e-°),22
mouton,(m-m.ou-u.t-t.on-§),27
réponse,(r-R.é-e.p-p.on-§.s-s.e-°),27
cour,(c-k.ou-u.r-R),23
neuf,(n-n.eu-9.f-f),41
cou,(c-k.ou-u),23
joyeux,(j-Z.oy-waj.eu-2.x-#),62
magique,(m-m.a-a.g-Z.i-i.qu-k.e-°),46
rire,(r-R.i-i.r-R.e-°),11
balle,(b-b.a-a.ll-l.e-°),25
faim,(f-f.aim-5),45
retour,(r-R.e-%.t-t.ou-u.r-R),20
envie,(en-@.v-v.i-i.e-#),31
haut,(h-#.au-o.t-#),53
pêche,(p-p.ê-E.ch-S.e-°),24
camion,(c-k.a-a.m-m.i-j.on-§),27
rôti,(r-R.ô-o.t-t.i-i),20
laine,(l-l.ai-E.n-n.e-°),35
reine,(r-R.ei-E.n-n.e-°),63
joue,(j-Z.ou-u.e-#),18
doucement,(d-d.ou-u.c-s.e-°.m-m.en-@.t-#),40
juste,(j-Z.u-y.s-s.t-t.e-°),20
poche,(p-p.o-O.ch-S.e-°),21
peine,(p-p.ei-E.n-n.e-°),63
coq,(c-k.o-O.q-k),28
poste,(p-p.o-O.s-s.t-t.e-°),21
ski,(s-s.k-k.i-i),34
sale,(s-s.a-a.l-l.e-°),8
cinéma,(c-s.i-i.n-n.é-e.m-m.a-a),40
ferme,(f-f.e-E.r-R.m-m.e-°),39
écureuil,(é-e.c-k.u-y.r-R.eu-9.il-j),64
gentil,(g-Z.en-@.t-t.i-i.l-#),57
bain,(b-b.ain-5),36
écrire,(é-e.c-k.r-R.i-i.r-R.e-°),23
campagne,(c-k.am-@.p-p.a-a.gn-N.e-°),55
cartable,(c-k.a-a.r-R.t-t.a-a.b-b.l-l.e-%),25
soudain,(s-s.ou-u.d-d.ain-5),36
cage,(c-k.a-a.g-Z.e-°),46
chaud,(ch-S.au-o.d-#),57
sel,(s-s.e-E.l-l),39
herbe,(h-#.e-E.r-R.b-b.e-°),53
tuyau,(t-t.u-8.y-ij.au-o),65
ainsi,(ain-5.s-s.i-i),36
carnaval,(c-k.a-a.r-R.n-n.a-a.v-v.a-a.l-l),23
donc,(d-d.on-§.c-k),27
six,(s-s.i-i.x-s),54
surprise,(s-s.u-y.r-R.p-p.r-R.i-i.s-z.e-°),47
quelque,(qu-k.e-E.l-l.qu-k.e-°),39
pull,(p-p.u-y.ll-l),21
fauteuil,(f-f.au-o.t-t.eu-9.il-j),64
depuis,(d-d.e-%.p-p.u-8.i-i.s-#),21
banc,(b-b.an-@.c-#),57
crocodile,(c-k.r-R.o-O.c-k.o-O.d-d.i-i.l-l.e-°),23
canard,(c-k.a-a.n-n.a-a.r-R.d-#),57
trouver,(t-t.r-R.ou-u.v-v.er-e),48
acheter,(a-a.ch-S.e-°.t-t.er-e),48
gare,(g-g.a-a.r-R.e-°),26
miel,(m-m.i-j.e-E.l-l),39
branche,(b-b.r-R.an-@.ch-S.e-°),32
rapide,(r-R.a-a.p-p.i-i.d-d.e-°),21
regarder,(r-R.e-%.g-g.a-a.r-R.d-d.er-e),48
chaise,(ch-S.ai-E.s-z.e-°),47
samedi,(s-s.a-a.m-m.e-°.d-d.i-i),19
chacun,(ch-S.a-a.c-k.un-1),23
accord,(a-a.cc-k.o-O.r-R.d-#),57
page,(p-p.a-a.g-Z.e-°),46
laver,(l-l.a-a.v-v.er-e),48
carton,(c-k.a-a.r-R.t-t.on-§),27
lampe,(l-l.am-@.p-p.e-°),43
bête,(b-b.ê-E.t-t.e-°),25
magasin,(m-m.a-a.g-g.a-a.s-z.in-5),47
tomber,(t-t.om-§.b-b.er-e),48
cahier,(c-k.a-a.h-#.i-j.er-e),53
rêve,(r-R.ê-E.v-v.e-°),24
chanson,(ch-S.an-@.s-s.on-§),32
peau,(p-p.eau-o),52
tambour,(t-t.am-@.b-b.ou-u.r-R),43
niche,(n-n.i-i.ch-S.e-°),17
soupe,(s-s.ou-u.p-p.e-°),21
bague,(b-b.a-a.gu-g.e-°),26
radis,(r-R.a-a.d-d.i-i.s-#),19
long,(l-l.on-§.g-#),57
pantalon,(p-p.an-@.t-t.a-a.l-l.on-§),32
grenouille,(g-g.r-R.e-%.n-n.ou-u.ill-j.e-°),64
dent,(d-d.en-@.t-#),31
tempête,(t-t.em-@.p-p.ê-E.t-t.e-°),42
poulet,(p-p.ou-u.l-l.et-E),50
pourtant,(p-p.ou-u.r-R.t-t.an-@.t-#),32
endroit,(en-@.d-d.r-R.oi-wa.t-#),31
plein,(p-p.l-l),21
dès,(d-d.è-E.s-#),24
caisse,(c-k.ai-E.ss-s.e-°),35
hérisson,(h-#.é-e.r-R.i-i.ss-s.on-§),53
clé,(c-k.l-l.é-e),23
dehors,(d-d.e-%.h-#.o-O.r-R.s-#),53
vie,(v-v.i-i.e-#),13
taxi,(t-t.a-a.x-ks.i-i),54
citron,(c-s.i-i.t-t.r-R.on-§),40
jeune,(j-Z.eu-9.n-n.e-°),41
aussitôt,(au-o.ss-s.i-i.t-t.ô-o.t-#),33
valise,(v-v.a-a.l-l.i-i.s-z.e-°),47
phrase,(ph-f.r-R.a-a.s-z.e-°),61
celui,(c-s.e-%.l-l.u-8.i-i),40
bol,(b-b.o-O.l-l),25
gardien,(g-g.a-a.r-R.d-d.i-j.en-5),49
beurre,(b-b.eu-9.rr-R.e-°),41
café,(c-k.a-a.f-f.é-e),23
jupe,(j-Z.u-y.p-p.e-°),21
monter,(m-m.on-§.t-t.er-e),48
jus,(j-Z.u-y.s-#),18
ceinture,(c-s.t-t.u-y.r-R.e-°),40
zèbre,(z-z.è-E.b-b.r-R.e-%),37
os,(o-O.s-s),8
enveloppe,(en-@.v-v.e-°.l-l.o-O.pp-p.e-°),31
jeudi,(j-Z.eu-2.d-d.i-i),41
riz,(r-R.i-i.z-#),57
dangereux,(d-d.an-@.g-Z.e-°.r-R.eu-2.x-#),46
courir,(c-k.ou-u.r-R.i-i.r-R),23
machine,(m-m.a-a.ch-S.i-i.n-n.e-°),17
bizarre,(b-b.i-i.z-z.a-a.rr-R.e-°),37
partout,(p-p.a-a.r-R.t-t.ou-u.t-#),21
oreille,(o-O.r-R.eill-Ej.e-°),64
mousse,(m-m.ou-u.ss-s.e-°),12
aider,(ai-E.d-d.er-e),48
sport,(s-s.p-p.o-O.r-R.t-#),21
dedans,(d-d.e-%.d-d.an-@.s-#),32
dimanche,(d-d.i-i.m-m.an-@.ch-S.e-°),32
langue,(l-l.an-@.gu-g.e-°),32
roue,(r-R.ou-u.e-#),13
montre,(m-m.on-§.t-t.r-R.e-%),27
fraise,(f-f.r-R.ai-E.s-z.e-°),47
fée,(f-f.é-e.e-#),16
fond,(f-f.on-§.d-#),57
suivre,(s-s.u-8.i-i.v-v.r-R.e-%),15
plume,(p-p.l-l.u-y.m-m.e-°),21
panne,(p-p.a-a.nn-n.e-°),21
boire,(b-b.oi-wa.r-R.e-°),25
paquet,(p-p.a-a.qu-k.et-E),50
triste,(t-t.r-R.i-i.s-s.t-t.e-°),20
rentrer,(r-R.en-@.t-t.r-R.er-e),48
crème,(c-k.r-R.è-E.m-m.e-°),24
champignon,(ch-S.am-@.p-p.i-i.gn-N.on-§),55
pie,(p-p.i-i.e-#),21
veste,(v-v.e-E.s-s.t-t.e-°),39
sûr,(s-s.û-y.r-R),11
prince,(p-p.r-R.in-5.c-s.e-°),40
chou,(ch-S.ou-u),17
goûter,(g-g.oû-u.t-t.er-e),48
tasse,(t-t.a-a.ss-s.e-°),20
tableau,(t-t.a-a.b-b.l-l.eau-o),52
venir,(v-v.e-%.n-n.i-i.r-R),14
auto,(au-o.t-t.o-o),33
parapluie,(p-p.a-a.r-R.a-a.p-p.l-l.u-8.i-i.e-#),21
crayon,(c-k.r-R.on-§),27
morceau,(m-m.o-O.r-R.c-s.eau-o),52
énorme,(é-e.n-n.o-O.r-R.m-m.e-°),14
fou,(f-f.ou-u),16
balai,(b-b.a-a.l-l.ai-E),35
manteau,(m-m.an-@.t-t.eau-o),52
gris,(g-g.r-R.i-i.s-#),26
récréation,(r-R.é-e.c-k.r-R.é-e.a-a.t-s.i-j.on-§),60
or,(o-O.r-R),11
arrivée,(a-a.rr-R.i-i.v-v.é-e.e-#),13
garage,(g-g.a-a.r-R.a-a.g-Z.e-°),46
lac,(l-l.a-a.c-k),23
masque,(m-m.a-a.s-s.qu-k.e-°),28
jambon,(j-Z.am-@.b-b.on-§),43
soin,(s-s.oin-w5),38
sept,(s-s.e-E.p-#.t-t),57
boule,(b-b.ou-u.l-l.e-°),25
piste,(p-p.i-i.s-s.t-t.e-°),21
agneau,(a-a.gn-N.eau-o),55
premier,(p-p.r-R.e-%.m-m.i-j.er-e),48
oncle,(on-§.c-k.l-l.e-%),27
texte,(t-t.e-E.x-ks.t-t.e-°),54
dame,(d-d.a-a.m-m.e-°),19
dormir,(d-d.o-O.r-R.m-m.i-i.r-R),19
ourson,(ou-u.r-R.s-s.on-§),27
plat,(p-p.l-l.a-a.t-#),21
abri,(a-a.b-b.r-R.i-i),25
facile,(f-f.a-a.c-s.i-i.l-l.e-°),40
bâton,(b-b.â-a.t-t.on-§),27
heureusement,(h-#.eu-9.r-R.eu-2.s-z.e-°.m-m.en-@.t-#),53
réveil,(r-R.é-e.v-v.eil-Ej),64
moulin,(m-m.ou-u.l-l.in-5),36
mardi,(m-m.a-a.r-R.d-d.i-i),19
confiture,(c-k.on-§.f-f.i-i.t-t.u-y.r-R.e-°),27
four,(f-f.ou-u.r-R),16
combien,(c-k.om-§.b-b.i-j.en-5),49
travers,(t-t.r-R.a-a.v-v.e-E.r-R.s-#),39
debout,(d-d.e-%.b-b.ou-u.t-#),25
semaine,(s-s.e-%.m-m.ai-E.n-n.e-°),35
révision,(r-R.é-e.v-v.i-i.s-z.i-j.on-§),47
taureau,(t-t.au-O.r-R.eau-o),52
arrêter,(a-a.rr-R.ê-E.t-t.er-e),48
propre,(p-p.r-R.o-O.p-p.r-R.e-%),21
gagner,(g-g.a-a.gn-N.er-e),55
magnifique,(m-m.a-a.gn-N.i-i.f-f.i-i.qu-k.e-°),55
droite,(d-d.r-R.oi-wa.t-t.e-°),22
partie,(p-p.a-a.r-R.t-t.i-i.e-#),21
prix,(p-p.r-R.i-i.x-#),21
girafe,(g-Z.i-i.r-R.a-a.f-f.e-°),46
ouvrir,(ou-u.v-v.r-R.i-i.r-R),12
leçon,(l-l.e-%.ç-s.on-§),40
banane,(b-b.a-a.n-n.a-a.n-n.e-°),25
nouveau,(n-n.ou-u.v-v.eau-o),52
sûrement,(s-s.û-y.r-R.e-°.m-m.en-@.t-#),31
sommeil,(s-s.o-O.mm-m.eil-Ej),64
visage,(v-v.i-i.s-z.a-a.g-Z.e-°),47
promenade,(p-p.r-R.o-O.m-m.e-°.n-n.a-a.d-d.e-°),21
attention,(a-a.tt-t.en-@.t-s.i-j.on-§),60
difficile,(d-d.i-i.ff-f.i-i.c-s.i-i.l-l.e-°),40
seau,(s-s.eau-o),52
cave,(c-k.a-a.v-v.e-°),23
escalier,(e-E.s-s.c-k.a-a.l-l.i-j.er-e),48
pâte,(p-p.â-a.t-t.e-°),21
rester,(r-R.e-E.s-s.t-t.er-e),48
habit,(h-#.a-a.b-b.i-i.t-#),53
coffre,(c-k.o-O.ff-f.r-R.e-%),23
moteur,(m-m.o-O.t-t.eu-9.r-R),41
onze,(on-§.z-z.e-°),37
camarade,(c-k.a-a.m-m.a-a.r-R.a-a.d-d.e-°),23
amusant,(a-a.m-m.u-y.s-z.an-@.t-#),47
marguerite,(m-m.a-a.r-R.gu-g.e-%.r-R.i-i.t-t.e-°),26
figure,(f-f.i-i.g-g.u-y.r-R.e-°),26
grenier,(g-g.r-R.e-%.n-n.i-j.er-e),48
pipe,(p-p.i-i.p-p.e-°),21
blé,(b-b.l-l.é-e),25
équipe,(é-e.qu-k.i-i.p-p.e-°),28
numéro,(n-n.u-y.m-m.é-e.r-R.o-o),14
guêpe,(gu-g.ê-E.p-p.e-°),26
décembre,(d-d.é-e.c-s.em-@.b-b.r-R.e-%),42
lilas,(l-l.i-i.l-l.a-a.s-#),13
casserole,(c-k.a-a.ss-s.e-°.r-R.o-O.l-l.e-°),23
savoir,(s-s.a-a.v-v.oi-wa.r-R),22
presque,(p-p.r-R.e-E.s-s.qu-k.e-°),39
cause,(c-k.au-o.s-z.e-°),47
printemps,(p-p.r-R.in-5.t-t.em-@.p-#.s-#),57
payer,(p-p.er-e),48
phoque,(ph-f.o-O.qu-k.e-°),61
restaurant,(r-R.e-E.s-s.t-t.au-O.r-R.an-@.t-#),39
cuire,(c-k.u-8.i-i.r-R.e-°),23
pile,(p-p.i-i.l-l.e-°),21
voler,(v-v.o-O.l-l.er-e),48
fumée,(f-f.u-y.m-m.é-e.e-#),16
anniversaire,(a-a.nn-n.i-i.v-v.e-E.r-R.s-s.ai-E.r-R.e-°),39
costume,(c-k.o-O.s-s.t-t.u-y.m-m.e-°),23
gauche,(g-g.au-o.ch-S.e-°),33
savon,(s-s.a-a.v-v.on-§),27
champ,(ch-S.am-@.p-#),57
ombre,(om-§.b-b.r-R.e-%),44
collection,(c-k.o-O.ll-l.e-E.c-k.t-s.i-j.on-§),60
silence,(s-s.i-i.l-l.en-@.c-s.e-°),40
soif,(s-s.oi-wa.f-f),22
hibou,(h-#.i-i.b-b.ou-u),53
corde,(c-k.o-O.r-R.d-d.e-°),23
tigre,(t-t.i-i.g-g.r-R.e-%),26
tant,(t-t.an-@.t-#),32
noix,(n-n.oi-wa.x-#),22
allée,(a-a.ll-l.é-e.e-#),13
toc,(t-t.o-O.c-k),23
cabane,(c-k.a-a.b-b.a-a.n-n.e-°),25
miroir,(m-m.i-i.r-R.oi-wa.r-R),22
mare,(m-m.a-a.r-R.e-°),11
manège,(m-m.a-a.n-n.è-E.g-Z.e-°),46
facteur,(f-f.a-a.c-k.t-t.eu-9.r-R),41
pleurer,(p-p.l-l.eu-9.r-R.er-e),48
paille,(p-p.a-a.ill-j.e-°),64
parfois,(p-p.a-a.r-R.f-f.oi-wa.s-#),22
fils,(f-f.i-i.l-#.s-s),57
parc,(p-p.a-a.r-R.c-k),23
jambe,(j-Z.am-@.b-b.e-°),43
argent,(a-a.r-R.g-Z.en-@.t-#),46
chanter,(ch-S.an-@.t-t.er-e),48
cochon,(c-k.o-O.ch-S.on-§),27
vase,(v-v.a-a.s-z.e-°),47
stylo,(s-s.t-t.y-i.l-l.o-o),20
loto,(l-l.o-O.t-t.o-o),20
navire,(n-n.a-a.v-v.i-i.r-R.e-°),14
direction,(d-d.i-i.r-R.e-E.c-k.t-s.i-j.on-§),60
colle,(c-k.o-O.ll-l.e-°),23
maillot,(m-m.a-a.ill-j.o-o.t-#),64
lieu,(l-l.i-j.eu-2),41
nappe,(n-n.a-a.pp-p.e-°),21
sauter,(s-s.au-o.t-t.er-e),48
peluche,(p-p.e-%.l-l.u-y.ch-S.e-°),21
couteau,(c-k.ou-u.t-t.eau-o),52
rond,(r-R.on-§.d-#),57
bonsoir,(b-b.on-§.s-s.oi-wa.r-R),27
pointu,(p-p.oin-w5.t-t.u-y),38
surtout,(s-s.u-y.r-R.t-t.ou-u.t-#),20
jouet,(j-Z.ou-w.et-E),50
pois,(p-p.oi-wa.s-#),22
serpent,(s-s.e-E.r-R.p-p.en-@.t-#),39
appareil,(a-a.pp-p.a-a.r-R.eil-Ej),64
odeur,(o-O.d-d.eu-9.r-R),41
tante,(t-t.an-@.t-t.e-°),32
court,(c-k.ou-u.r-R.t-#),23
flûte,(f-f.l-l.û-y.t-t.e-°),20
moineau,(m-m.oi-wa.n-n.eau-o),52
arriver,(a-a.rr-R.i-i.v-v.er-e),48
pelouse,(p-p.e-%.l-l.ou-u.s-z.e-°),47
bouteille,(b-b.ou-u.t-t.eill-Ej.e-°),64
peigne,(p-p.ei-E.gn-N.e-°),63
tulipe,(t-t.u-y.l-l.i-i.p-p.e-°),21
brouillard,(b-b.r-R.ou-u.ill-j.a-a.r-R.d-#),64
jardinier,(j-Z.a-a.r-R.d-d.i-i.n-n.i-j.er-e),48
total,(t-t.o-O.t-t.a-a.l-l),20
lourd,(l-l.ou-u.r-R.d-#),57
trottoir,(t-t.r-R.o-O.tt-t.oi-wa.r-R),22
kilo,(k-k.i-i.l-l.o-o),34
corps,(c-k.o-O.r-R.p-#.s-#),57
noyau,(n-n.oy-waj.au-o),62
fait,(f-f.ai-E.t-#),35
poussin,(p-p.ou-u.ss-s.in-5),36
automne,(au-o.t-t.o-O.m-#.n-n.e-°),57
guignol,(gu-g.i-i.gn-N.o-O.l-l),55
fusée,(f-f.u-y.s-z.é-e.e-#),47
début,(d-d.é-e.b-b.u-y.t-#),25
sortie,(s-s.o-O.r-R.t-t.i-i.e-#),20
brosse,(b-b.r-R.o-O.ss-s.e-°),25
salon,(s-s.a-a.l-l.on-§),27
cheminée,(ch-S.e-%.m-m.i-i.n-n.é-e.e-#),17
nuage,(n-n.u-8.a-a.g-Z.e-°),46
ile,(i-i.l-l.e-°),6
cri,(c-k.r-R.i-i),23
dîner,(d-d.î-i.n-n.er-e),48
lentement,(l-l.en-@.t-t.e-°.m-m.en-@.t-#),31
purée,(p-p.u-y.r-R.é-e.e-#),21
marché,(m-m.a-a.r-R.ch-S.é-e),17
signal,(s-s.i-i.gn-N.a-a.l-l),55
rayon,(r-R.on-§),27
orange,(o-O.r-R.an-@.g-Z.e-°),46
douze,(d-d.ou-u.z-z.e-°),37
gomme,(g-g.o-O.mm-m.e-°),26
pyjama,(p-p.y-i.j-Z.a-a.m-m.a-a),21
phare,(ph-f.a-a.r-R.e-°),61
baleine,(b-b.a-a.l-l.ei-E.n-n.e-°),63
exact,(e-E.x-gz.a-a.c-k.t-t),54
part,(p-p.a-a.r-R.t-#),21
film,(f-f.i-i.l-l.m-m),16
boue,(b-b.ou-u.e-#),25
fabriquer,(f-f.a-a.b-b.r-R.i-i.qu-k.er-e),48
doigt,(d-d.oi-wa.g-#.t-#),57
couper,(c-k.ou-u.p-p.er-e),48
mamie,(m-m.a-a.m-m.i-i.e-#),13
poire,(p-p.oi-wa.r-R.e-°),22
habitude,(h-#.a-a.b-b.i-i.t-t.u-y.d-d.e-°),53
avril,(a-a.v-v.r-R.i-i.l-l),11
sirop,(s-s.i-i.r-R.o-o.p-#),57
règle,(r-R.è-E.g-g.l-l.e-%),26
tissu,(t-t.i-i.ss-s.u-y),20
danger,(d-d.an-@.g-Z.er-e),48
clou,(c-k.l-l.ou-u),23
doux,(d-d.ou-u.x-#),19
lundi,(l-l.un-1.d-d.i-i),19
paire,(p-p.ai-E.r-R.e-°),35
genou,(g-Z.e-%.n-n.ou-u),46
fourrure,(f-f.ou-u.rr-R.u-y.r-R.e-°),16
marchand,(m-m.a-a.r-R.ch-S.an-@.d-#),57
épée,(é-e.p-p.é-e.e-#),21
manche,(m-m.an-@.ch-S.e-°),32
lumière,(l-l.u-y.m-m.i-j.è-E.r-R.e-°),24
courage,(c-k.ou-u.r-R.a-a.g-Z.e-°),46
sable,(s-s.a-a.b-b.l-l.e-%),25
tôt,(t-t.ô-o.t-#),20
coucher,(c-k.ou-u.ch-S.er-e),48
fruit,(f-f.r-R.u-8.i-i.t-#),16
poudre,(p-p.ou-u.d-d.r-R.e-%),21
cousin,(c-k.ou-u.s-z.in-5),47
jeter,(j-Z.e-%.t-t.er-e),48
ordre,(o-O.r-R.d-d.r-R.e-%),19
orage,(o-O.r-R.a-a.g-Z.e-°),46
pièce,(p-p.i-j.è-E.c-s.e-°),40
danse,(d-d.an-@.s-s.e-°),32
courageux,(c-k.ou-u.r-R.a-a.g-Z.eu-2.x-#),46
arête,(a-a.r-R.ê-E.t-t.e-°),24
lièvre,(l-l.i-j.è-E.v-v.r-R.e-%),24
chef,(ch-S.e-E.f-f),39
dictée,(d-d.i-i.c-k.t-t.é-e.e-#),23
pointe,(p-p.oin-w5.t-t.e-°),38
police,(p-p.o-O.l-l.i-i.c-s.e-°),40
sourire,(s-s.ou-u.r-R.i-i.r-R.e-°),12
filet,(f-f.i-i.l-l.et-E),50
conseil,(c-k.on-§.s-s.eil-Ej),64
disque,(d-d.i-i.s-s.qu-k.e-°),28
culotte,(c-k.u-y.l-l.o-O.tt-t.e-°),23
dont,(d-d.on-§.t-#),27
santé,(s-s.an-@.t-t.é-e),32
lorsque,(l-l.o-O.r-R.s-s.qu-k.e-°),28
robinet,(r-R.o-O.b-b.i-i.n-n.et-E),50
fourmi,(f-f.ou-u.r-R.m-m.i-i),16
armoire,(a-a.r-R.m-m.oi-wa.r-R.e-°),22
parler,(p-p.a-a.r-R.l-l.er-e),48
chance,(ch-S.an-@.c-s.e-°),40
aile,(ai-E.l-l.e-°),35
perdre,(p-p.e-E.r-R.d-d.r-R.e-%),39
amuser,(a-a.m-m.u-y.s-z.er-e),48
hôpital,(h-#.ô-O.p-p.i-i.t-t.a-a.l-l),53
zéro,(z-z.é-e.r-R.o-o),37
palais,(p-p.a-a.l-l.ai-E.s-#),35
pompe,(p-p.om-§.p-p.e-°),44
chasseur,(ch-S.a-a.ss-s.eu-9.r-R),41
ananas,(a-a.n-n.a-a.n-n.a-a.s-#),14
copain,(c-k.o-O.p-p.ain-5),36
catalogue,(c-k.a-a.t-t.a-a.l-l.o-O.gu-g.e-°),26
chêne,(ch-S.ê-E.n-n.e-°),24
piano,(p-p.i-j.a-a.n-n.o-o),21
préparer,(p-p.r-R.é-e.p-p.a-a.r-R.er-e),48
araignée,(a-a.r-R.ai-E.gn-N.é-e.e-#),55
singe,(s-s.in-5.g-Z.e-°),46
merci,(m-m.e-E.r-R.c-s.i-i),40
vendredi,(v-v.en-@.d-d.r-R.e-%.d-d.i-i),31
passage,(p-p.a-a.ss-s.a-a.g-Z.e-°),46
endormir,(en-@.d-d.o-O.r-R.m-m.i-i.r-R),31
pharmacie,(ph-f.a-a.r-R.m-m.a-a.c-s.i-i.e-#),61
oreiller,(o-O.r-R.eill-Ej.er-e),64
occuper,(o-O.cc-k.u-y.p-p.er-e),48
bas,(b-b.a-a.s-#),25
retrouver,(r-R.e-%.t-t.r-R.ou-u.v-v.er-e),48
traverser,(t-t.r-R.a-a.v-v.e-E.r-R.s-s.er-e),48
pouce,(p-p.ou-u.c-s.e-°),40
peindre,(p-p.d-d.r-R.e-%),21
tourner,(t-t.ou-u.r-R.n-n.er-e),48
secret,(s-s.e-%.c-k.r-R.et-E),50
thé,(th-t.é-e),53
cloche,(c-k.l-l.o-O.ch-S.e-°),23
muguet,(m-m.u-y.gu-g.et-E),50
curieux,(c-k.u-y.r-R.i-j.eu-2.x-#),41
menu,(m-m.e-%.n-n.u-y),14
opération,(o-O.p-p.é-e.r-R.a-a.t-s.i-j.on-§),60
abeille,(a-a.b-b.eill-Ej.e-°),64
kangourou,(k-k.an-@.g-g.ou-u.r-R.ou-u),34
bougie,(b-b.ou-u.g-Z.i-i.e-#),46
géant,(g-Z.é-e.an-@.t-#),46
question,(qu-k.e-E.s-s.t-t.i-j.on-§),39
horloge,(h-#.o-O.r-R.l-l.o-O.g-Z.e-°),53
oie,(oi-wa.e-°),22
demander,(d-d.e-%.m-m.an-@.d-d.er-e),48
appétit,(a-a.pp-p.é-e.t-t.i-i.t-#),21
forme,(f-f.o-O.r-R.m-m.e-°),16
coussin,(c-k.ou-u.ss-s.in-5),36
prêt,(p-p.r-R.ê-E.t-#),24
faux,(f-f.au-o.x-#),33
signe,(s-s.i-i.gn-N.e-°),55
laisser,(l-l.ai-E.ss-s.er-e),48
commencer,(c-k.o-O.mm-m.en-@.c-s.er-e),48
violon,(v-v.i-j.o-O.l-l.on-§),27
tente,(t-t.en-@.t-t.e-°),31
pâtisserie,(p-p.â-a.t-t.i-i.ss-s.e-°.r-R.i-i.e-#),21
arrière,(a-a.rr-R.i-j.è-E.r-R.e-°),24
cacher,(c-k.a-a.ch-S.er-e),48
conte,(c-k.on-§.t-t.e-°),27
râteau,(r-R.â-a.t-t.eau-o),52
spectacle,(s-s.p-p.e-E.c-k.t-t.a-a.c-k.l-l.e-%),39
moule,(m-m.ou-u.l-l.e-°),12
rossignol,(r-R.o-O.ss-s.i-i.gn-N.o-O.l-l),55
cravate,(c-k.r-R.a-a.v-v.a-a.t-t.e-°),23
grâce,(g-g.r-R.â-a.c-s.e-°),40
porter,(p-p.o-O.r-R.t-t.er-e),48
poing,(p-p.oin-w5.g-#),57
yaourt,(y-j.a-a.ou-u.r-R.t-t),65
rouler,(r-R.ou-u.l-l.er-e),48
retard,(r-R.e-%.t-t.a-a.r-R.d-#),57
crabe,(c-k.r-R.a-a.b-b.e-°),25
hélicoptère,(h-#.é-e.l-l.i-i.c-k.o-O.p-p.t-t.è-E.r-R.e-°),53
grain,(g-g.r-R.ain-5),36
radio,(r-R.a-a.d-d.i-j.o-o),19
métier,(m-m.é-e.t-t.i-j.er-e),48
marteau,(m-m.a-a.r-R.t-t.eau-o),52
dur,(d-d.u-y.r-R),19
moitié,(m-m.oi-wa.t-t.i-j.é-e),22
drapeau,(d-d.r-R.a-a.p-p.eau-o),52
boucher,(b-b.ou-u.ch-S.er-e),48
appeler,(a-a.pp-p.e-°.l-l.er-e),48
voile,(v-v.oi-wa.l-l.e-°),22
aide,(ai-E.d-d.e-°),35
huile,(h-#.u-8.i-i.l-l.e-°),53
pâtissier,(p-p.â-a.t-t.i-i.ss-s.i-j.er-e),48
bouton,(b-b.ou-u.t-t.on-§),27
cantine,(c-k.an-@.t-t.i-i.n-n.e-°),32
marche,(m-m.a-a.r-R.ch-S.e-°),17
menton,(m-m.en-@.t-t.on-§),31
ronde,(r-R.on-§.d-d.e-°),27
tas,(t-t.a-a.s-#),20
nombre,(n-n.om-§.b-b.r-R.e-%),44
rideau,(r-R.i-i.d-d.eau-o),52
placard,(p-p.l-l.a-a.c-k.a-a.r-R.d-#),57
mignon,(m-m.i-i.gn-N.on-§),55
rive,(r-R.i-i.v-v.e-°),11
télé,(t-t.é-e.l-l.é-e),20
huit,(h-#.u-8.i-i.t-t),53
lézard,(l-l.é-e.z-z.a-a.r-R.d-#),57
pinceau,(p-p.in-5.c-s.eau-o),52
jet,(j-Z.et-E),50
entrer,(en-@.t-t.r-R.er-e),48
troupeau,(t-t.r-R.ou-u.p-p.eau-o),52
affreux,(a-a.ff-f.r-R.eu-2.x-#),41
lavabo,(l-l.a-a.v-v.a-a.b-b.o-o),25
boxe,(b-b.o-O.x-ks.e-°),54
gourmand,(g-g.ou-u.r-R.m-m.an-@.d-#),57
service,(s-s.e-E.r-R.v-v.i-i.c-s.e-°),40
envers,(en-@.v-v.e-E.r-R.s-#),39
trousse,(t-t.r-R.ou-u.ss-s.e-°),20
trompe,(t-t.r-R.om-§.p-p.e-°),44
nain,(n-n.ain-5),36
promener,(p-p.r-R.o-O.m-m.e-°.n-n.er-e),48
faute,(f-f.au-o.t-t.e-°),33
taille,(t-t.a-a.ill-j.e-°),64
reposer,(r-R.e-%.p-p.o-o.s-z.er-e),48
mien,(m-m.i-j.en-5),49
tache,(t-t.a-a.ch-S.e-°),20
bonne,(b-b.o-O.nn-n.e-°),25
brin,(b-b.r-R.in-5),36
voleur,(v-v.o-O.l-l.eu-9.r-R),41
barrière,(b-b.a-a.rr-R.i-j.è-E.r-R.e-°),25
vitrine,(v-v.i-i.t-t.r-R.i-i.n-n.e-°),20
foin,(f-f.oin-w5),38
bureau,(b-b.u-y.r-R.eau-o),52
nourriture,(n-n.ou-u.rr-R.i-i.t-t.u-y.r-R.e-°),20
océan,(o-O.c-s.é-e.an-@),40
barbe,(b-b.a-a.r-R.b-b.e-°),25
kimono,(k-k.i-i.m-m.o-O.n-n.o-o),34
pompier,(p-p.om-§.p-p.i-j.er-e),48
rhume,(r-R.h-#.u-y.m-m.e-°),53
port,(p-p.o-O.r-R.t-#),21
lis,(l-l.i-i.s-s),8
léger,(l-l.é-e.g-Z.er-e),48
battre,(b-b.a-a.tt-t.r-R.e-%),25
visite,(v-v.i-i.s-z.i-i.t-t.e-°),47
trace,(t-t.r-R.a-a.c-s.e-°),40
épaule,(é-e.p-p.au-o.l-l.e-°),33
quartier,(qu-k.a-a.r-R.t-t.i-j.er-e),48
casser,(c-k.a-a.ss-s.er-e),48
locomotive,(l-l.o-O.c-k.o-O.m-m.o-O.t-t.i-i.v-v.e-°),23
allure,(a-a.ll-l.u-y.r-R.e-°),11
autobus,(au-o.t-t.o-O.b-b.u-y.s-s),33
merle,(m-m.e-E.r-R.l-l.e-°),39
limonade,(l-l.i-i.m-m.o-O.n-n.a-a.d-d.e-°),19
affiche,(a-a.ff-f.i-i.ch-S.e-°),17
aboyer,(a-a.b-b.oy-waj.er-e),62
dernier,(d-d.e-E.r-R.n-n.i-j.er-e),48
vendre,(v-v.en-@.d-d.r-R.e-%),31
elle,(e-E.ll-l.e-°),39
terre,(t-t.e-E.rr-R.e-°),39
quelle,(qu-k.e-E.ll-l.e-°),39
dessin,(d-d.e-e.ss-s.in-5),39
mettre,(m-m.e-E.tt-t.r-R.e-%),39
verre,(v-v.e-E.rr-R.e-°),39
lettre,(l-l.e-E.tt-t.r-R.e-%),39
derrière,(d-d.e-E.rr-R.i-j.è-E.r-R.e-°),39
perroquet,(p-p.e-E.rr-R.o-O.qu-k.et-E),50
vitesse,(v-v.i-i.t-t.e-E.ss-s.e-°),39
vaisselle,(v-v.ai-E.ss-s.e-E.ll-l.e-°),39
pelle,(p-p.e-E.ll-l.e-°),39
échelle,(é-e.ch-S.e-E.ll-l.e-°),39
tellement,(t-t.e-E.ll-l.e-°.m-m.en-@.t-#),39
assiette,(a-a.ss-s.i-j.e-E.tt-t.e-°),39
toilette,(t-t.oi-wa.l-l.e-E.tt-t.e-°),39
trompette,(t-t.r-R.om-§.p-p.e-E.tt-t.e-°),44
tonnerre,(t-t.o-O.nn-n.e-E.rr-R.e-°),39
ficelle,(f-f.i-i.c-s.e-E.ll-l.e-°),40
dessiner,(d-d.e-e.ss-s.i-i.n-n.er-e),48
pierre,(p-p.i-j.e-E.rr-R.e-°),39
recette,(r-R.e-%.c-s.e-E.tt-t.e-°),40
essence,(e-e.ss-s.en-@.c-s.e-°),40
galette,(g-g.a-a.l-l.e-E.tt-t.e-°),39
dessus,(d-d.e-%.ss-s.u-y.s-#),19
baguette,(b-b.a-a.gu-g.e-E.tt-t.e-°),39
dessert,(d-d.e-e.ss-s.e-E.r-R.t-#),39
raquette,(r-R.a-a.qu-k.e-E.tt-t.e-°),39
sonnette,(s-s.o-O.nn-n.e-E.tt-t.e-°),39
guerre,(gu-g.e-E.rr-R.e-°),39
omelette,(o-O.m-m.e-°.l-l.e-E.tt-t.e-°),39
hiver,(h-#.i-i.v-v.e-E.r-R),53
fer,(f-f.e-E.r-R),39
hier,(h-#.i-j.e-E.r-R),53
ville,(v-v.i-i.ll-l.e-°),10
tranquille,(t-t.r-R.an-@.qu-k.i-i.ll-l.e-°),32
mille,(m-m.i-i.ll-l.e-°),7
village,(v-v.i-i.ll-l.a-a.g-Z.e-°),46
zoo,(z-z.o-o.o-o),37
content,(c-k.on-§.t-t.en-@.t-#),31
bonhomme,(b-b.o-O.n-n.h-#.o-O.mm-m.e-°),53
bonheur,(b-b.o-O.n-n.h-#.eu-9.r-R),53
a,(a-a),1
lu,(l-l.u-y),6
lama,(l-l.a-a.m-m.a-a),7
sali,(s-s.a-a.l-l.i-i),8
lasso,(l-l.a-a.ss-s.o-o),8
salé,(s-s.a-a.l-l.é-e),9
salué,(s-s.a-a.l-l.u-8.é-e),15
massa,(m-m.a-a.ss-s.a-a),8
sa,(s-s.a-a),8
mémé,(m-m.é-e.m-m.é-e),9
semé,(s-s.e-%.m-m.é-e),9
lavé,(l-l.a-a.v-v.é-e),10
sas,(s-s.a-a.s-s),8
vissé,(v-v.i-i.ss-s.é-e),10
la,(l-l.a-a),6
vis,(v-v.i-i.s-s),10
va,(v-v.a-a),10
villa,(v-v.i-i.ll-l.a-a),10
mari,(m-m.a-a.r-R.i-i),11
ramassé,(r-R.a-a.m-m.a-a.ss-s.é-e),11
mars,(m-m.a-a.r-R.s-s),11
râlé,(r-R.â-a.l-l.é-e),11
survolé,(s-s.u-y.r-R.v-v.o-O.l-l.é-e),11
lava,(l-l.a-a.v-v.a-a),10
voulu,(v-v.ou-u.l-l.u-y),12
réussir,(r-R.é-e.u-y.ss-s.i-i.r-R),11
sou,(s-s.ou-u),12
roulé,(r-R.ou-u.l-l.é-e),12
volé,(v-v.o-O.l-l.é-e),10
réussi,(r-R.é-e.u-y.ss-s.i-i),11
mit,(m-m.i-i.t-#),13
roule,(r-R.ou-u.l-l.e-°),12
lave,(l-l.a-a.v-v.e-°),10
ouvre,(ou-u.v-v.r-R.e-%),12
valse,(v-v.a-a.l-l.s-s.e-°),10
réunit,(r-R.é-e.u-y.n-n.i-i.t-#),14
sonnerie,(s-s.o-O.nn-n.e-°.r-R.i-i.e-#),14
sonné,(s-s.o-O.nn-n.é-e),14
vu,(v-v.u-y),10
savonne,(s-s.a-a.v-v.o-O.nn-n.e-°),14
louve,(l-l.ou-u.v-v.e-°),12
salue,(s-s.a-a.l-l.u-y.e-#),13
narval,(n-n.a-a.r-R.v-v.a-a.l-l),14
vivre,(v-v.i-i.v-v.r-R.e-%),11
une,(u-y.n-n.e-°),14
orne,(o-O.r-R.n-n.e-°),14
nourrit,(n-n.ou-u.rr-R.i-i.t-#),14
alarme,(a-a.l-l.a-a.r-R.m-m.e-°),11
sonne,(s-s.o-O.nn-n.e-°),14
vit,(v-v.i-i.t-#),13
minuit,(m-m.i-i.n-n.u-8.i-i.t-#),15
sort,(s-s.o-O.r-R.t-#),13
avale,(a-a.v-v.a-a.l-l.e-°),10
olive,(o-O.l-l.i-i.v-v.e-°),10
rit,(r-R.i-i.t-#),13
suivi,(s-s.u-8.i-i.v-v.i-i),15
noué,(n-n.ou-w.é-e),14
mât,(m-m.â-a.t-#),13
vole,(v-v.o-O.l-l.e-°),10
fané,(f-f.a-a.n-n.é-e),16
fini,(f-f.i-i.n-n.i-i),16
mûri,(m-m.û-y.r-R.i-i),11
offre,(o-O.ff-f.r-R.e-%),16
mis,(m-m.i-i.s-#),13
mouche,(m-m.ou-u.ch-S.e-°),17
chassé,(ch-S.a-a.ss-s.é-e),17
filé,(f-f.i-i.l-l.é-e),16
char,(ch-S.a-a.r-R),17
mâche,(m-m.â-a.ch-S.e-°),17
réjouis,(r-R.é-e.j-Z.ou-w.i-i.s-#),18
suis,(s-s.u-8.i-i.s-#),15
ravi,(r-R.a-a.v-v.i-i),11
chasse,(ch-S.a-a.ss-s.e-°),17
joué,(j-Z.ou-w.é-e),18
domino,(d-d.o-O.m-m.i-i.n-n.o-o),19
dune,(d-d.u-y.n-n.e-°),19
adore,(a-a.d-d.o-O.r-R.e-°),19
défi,(d-d.é-e.f-f.i-i),19
judo,(j-Z.u-y.d-d.o-o),19
donné,(d-d.o-O.nn-n.é-e),19
douché,(d-d.ou-u.ch-S.é-e),19
marmotte,(m-m.a-a.r-R.m-m.o-O.tt-t.e-°),20
dort,(d-d.o-O.r-R.t-#),19
toute,(t-t.ou-u.t-t.e-°),20
métro,(m-m.é-e.t-t.r-R.o-o),20
sorti,(s-s.o-O.r-R.t-t.i-i),20
dormi,(d-d.o-O.r-R.m-m.i-i),19
ta,(t-t.a-a),20
tartine,(t-t.a-a.r-R.t-t.i-i.n-n.e-°),20
admire,(a-a.d-d.m-m.i-i.r-R.e-°),19
loi,(l-l.oi-wa),22
fut,(f-f.u-y.t-#),16
dure,(d-d.u-y.r-R.e-°),19
avalé,(a-a.v-v.a-a.l-l.é-e),10
fourmis,(f-f.ou-u.r-R.m-m.i-i.s-#),16
ma,(m-m.a-a),7
tata,(t-t.a-a.t-t.a-a),20
m,(m-m),7
amenée,(a-a.m-m.e-°.n-n.é-e.e-#),14
foire,(f-f.oi-wa.r-R.e-°),22
petite,(p-p.e-%.t-t.i-i.t-t.e-°),21
rousse,(r-R.ou-u.ss-s.e-°),12
échappe,(é-e.ch-S.a-a.pp-p.e-°),21
affamée,(a-a.ff-f.a-a.m-m.é-e.e-#),16
papy,(p-p.a-a.p-p.y-i),21
pédale,(p-p.é-e.d-d.a-a.l-l.e-°),21
jolie,(j-Z.o-O.l-l.i-i.e-#),18
attrapé,(a-a.tt-t.r-R.a-a.p-p.é-e),21
truite,(t-t.r-R.u-8.i-i.t-t.e-°),20
affût,(a-a.ff-f.û-y.t-#),16
lâché,(l-l.â-a.ch-S.é-e),17
titre,(t-t.i-i.t-t.r-R.e-%),20
cascade,(c-k.a-a.s-s.c-k.a-a.d-d.e-°),23
coule,(c-k.ou-u.l-l.e-°),23
roche,(r-R.o-O.ch-S.e-°),17
amène,(a-a.m-m.è-E.n-n.e-°),24
écoute,(é-e.c-k.ou-u.t-t.e-°),23
picore,(p-p.i-i.c-k.o-O.r-R.e-°),23
remue,(r-R.e-%.m-m.u-y.e-#),13
crie,(c-k.r-R.i-i.e-#),23
copine,(c-k.o-O.p-p.i-i.n-n.e-°),23
coupe,(c-k.ou-u.p-p.e-°),23
carotte,(c-k.a-a.r-R.o-O.tt-t.e-°),23
postale,(p-p.o-O.s-s.t-t.a-a.l-l.e-°),21
papi,(p-p.a-a.p-p.i-i),21
lève,(l-l.è-E.v-v.e-°),24
douche,(d-d.ou-u.ch-S.e-°),19
prépare,(p-p.r-R.é-e.p-p.a-a.r-R.e-°),21
duré,(d-d.u-y.r-R.é-e),19
bricolé,(b-b.r-R.i-i.c-k.o-O.l-l.é-e),25
aura,(au-o.r-R.a-a),33
crêpe,(c-k.r-R.ê-E.p-p.e-°),24
balade,(b-b.a-a.l-l.a-a.d-d.e-°),25
oublie,(ou-u.b-b.l-l.i-i.e-#),25
nourrir,(n-n.ou-u.rr-R.i-i.r-R),14
bu,(b-b.u-y),25
boit,(b-b.oi-wa.t-#),25
gourde,(g-g.ou-u.r-R.d-d.e-°),26
légume,(l-l.é-e.g-g.u-y.m-m.e-°),26
biche,(b-b.i-i.ch-S.e-°),25
galope,(g-g.a-a.l-l.o-O.p-p.e-°),26
ballade,(b-b.a-a.ll-l.a-a.d-d.e-°),25
pirogue,(p-p.i-i.r-R.o-O.gu-g.e-°),26
chaviré,(ch-S.a-a.v-v.i-i.r-R.é-e),17
vague,(v-v.a-a.gu-g.e-°),26
conduira,(c-k.on-§.d-d.u-8.i-i.r-R.a-a),27
souffle,(s-s.ou-u.ff-f.l-l.e-%),16
dragon,(d-d.r-R.a-a.g-g.on-§),27
survole,(s-s.u-y.r-R.v-v.o-O.l-l.e-°),11
gratte,(g-g.r-R.a-a.tt-t.e-°),26
ils,(i-i.l-l.s-#),13
font,(f-f.on-§.t-#),27
bus,(b-b.u-y.s-#),25
arrive,(a-a.rr-R.i-i.v-v.e-°),11
doit,(d-d.oi-wa.t-#),22
ramené,(r-R.a-a.m-m.e-°.n-n.é-e),14
séjour,(s-s.é-e.j-Z.ou-u.r-R),18
ronronne,(r-R.on-§.r-R.o-O.nn-n.e-°),27
canapé,(c-k.a-a.n-n.a-a.p-p.é-e),23
tricote,(t-t.r-R.i-i.c-k.o-O.t-t.e-°),23
apporte,(a-a.pp-p.o-O.r-R.t-t.e-°),21
taquine,(t-t.a-a.qu-k.i-i.n-n.e-°),28
quiche,(qu-k.i-i.ch-S.e-°),28
cocorico,(c-k.o-O.c-k.o-O.r-R.i-i.c-k.o-o),23
bouchon,(b-b.ou-u.ch-S.on-§),27
bloque,(b-b.l-l.o-O.qu-k.e-°),28
moustique,(m-m.ou-u.s-s.t-t.i-i.qu-k.e-°),28
piqué,(p-p.i-i.qu-k.é-e),28
achète,(a-a.ch-S.è-E.t-t.e-°),24
es,(e-E.s-#),39
est,(e-E.s-s.t-t),39
boutique,(b-b.ou-u.t-t.i-i.qu-k.e-°),28
parti,(p-p.a-a.r-R.t-t.i-i),21
gravit,(g-g.r-R.a-a.v-v.i-i.t-#),26
pente,(p-p.en-@.t-t.e-°),31
colline,(c-k.o-O.ll-l.i-i.n-n.e-°),23
vitre,(v-v.i-i.t-t.r-R.e-%),20
regarde,(r-R.e-%.g-g.a-a.r-R.d-d.e-°),26
sèche,(s-s.è-E.ch-S.e-°),24
tâche,(t-t.â-a.ch-S.e-°),20
enfile,(en-@.f-f.i-i.l-l.e-°),31
ses,(s-s.e-E.s-#),39
gants,(g-g.an-@.t-#.s-#),32
taupe,(t-t.au-o.p-p.e-°),33
anorak,(a-a.n-n.o-O.r-R.a-a.k-k),34
kaki,(k-k.a-a.k-k.i-i),34
téléski,(t-t.é-e.l-l.é-e.s-s.k-k.i-i),34
remonte,(r-R.e-%.m-m.on-§.t-t.e-°),27
judoka,(j-Z.u-y.d-d.o-O.k-k.a-a),34
sais,(s-s.ai-E.s-#),35
tondu,(t-t.on-§.d-d.u-y),27
mes,(m-m.e-E.s-#),39
moutons,(m-m.ou-u.t-t.on-§.s-#),27
aigle,(ai-E.g-g.l-l.e-%),35
déploie,(d-d.é-e.p-p.l-l.oi-wa.e-°),22
ailes,(ai-E.l-l.e-°.s-#),35
ai,(ai-E),35
acheté,(a-a.ch-S.e-°.t-t.é-e),20
chaussures,(ch-S.au-o.ss-s.u-y.r-R.e-°.s-#),33
lutin,(l-l.u-y.t-t.in-5),36
plante,(p-p.l-l.an-@.t-t.e-°),32
des,(d-d.e-E.s-#),39
carottes,(c-k.a-a.r-R.o-O.tt-t.e-°.s-#),23
sent,(s-s.en-@.t-#),31
vide,(v-v.i-i.d-d.e-°),19
ordures,(o-O.r-R.d-d.u-y.r-R.e-°.s-#),19
cassé,(c-k.a-a.ss-s.é-e),23
copines,(c-k.o-O.p-p.i-i.n-n.e-°.s-#),23
couru,(c-k.ou-u.r-R.u-y),23
elles,(e-E.ll-l.e-°.s-#),39
mouette,(m-m.ou-w.e-E.tt-t.e-°),39
nos,(n-n.o-o.s-#),14
chips,(ch-S.i-i.p-p.s-s),21
retourne,(r-R.e-%.t-t.ou-u.r-R.n-n.e-°),20
perdu,(p-p.e-E.r-R.d-d.u-y),39
allons,(a-a.ll-l.on-§.s-#),27
vacances,(v-v.a-a.c-k.an-@.c-s.e-°.s-#),40
regardons,(r-R.e-%.g-g.a-a.r-R.d-d.on-§.s-#),27
météo,(m-m.é-e.t-t.é-e.o-o),20
glacée,(g-g.l-l.a-a.c-s.é-e.e-#),40
presse,(p-p.r-R.e-E.ss-s.e-°),39
citrons,(c-s.i-i.t-t.r-R.on-§.s-#),40
tricycle,(t-t.r-R.i-i.c-s.y-i.c-k.l-l.e-%),40
dessine,(d-d.e-e.ss-s.i-i.n-n.e-°),39
cercle,(c-s.e-E.r-R.c-k.l-l.e-%),40
dessines,(d-d.e-e.ss-s.i-i.n-n.e-°.s-#),39
carré,(c-k.a-a.rr-R.é-e),23
couvert,(c-k.ou-u.v-v.e-E.r-R.t-#),39
glisse,(g-g.l-l.i-i.ss-s.e-°),26
cyclone,(c-s.y-i.c-k.l-l.o-o.n-n.e-°),40
soldats,(s-s.o-O.l-l.d-d.a-a.t-#.s-#),19
ont,(on-§.t-#),27
pris,(p-p.r-R.i-i.s-#),21
embuscade,(em-@.b-b.u-y.s-s.c-k.a-a.d-d.e-°),42
courut,(c-k.ou-u.r-R.u-y.t-#),23
iris,(i-i.r-R.i-i.s-s),11
jaunes,(j-Z.au-o.n-n.e-°.s-#),33
remit,(r-R.e-%.m-m.i-i.t-#),13
allume,(a-a.ll-l.u-y.m-m.e-°),7
tranches,(t-t.r-R.an-@.ch-S.e-°.s-#),32
cru,(c-k.r-R.u-y),23
amour,(a-a.m-m.ou-u.r-R),12
bambou,(b-b.am-@.b-b.ou-u),43
pousse,(p-p.ou-u.ss-s.e-°),21
jungle,(j-Z.un-1.g-g.l-l.e-%),26
avons,(a-a.v-v.on-§.s-#),27
décoré,(d-d.é-e.c-k.o-O.r-R.é-e),23
coupé,(c-k.ou-u.p-p.é-e),23
lame,(l-l.a-a.m-m.e-°),7
sauté,(s-s.au-o.t-t.é-e),33
bons,(b-b.on-§.s-#),27
amis,(a-a.m-m.i-i.s-#),13
pommes,(p-p.o-O.mm-m.e-°.s-#),21
compote,(c-k.om-§.p-p.o-O.t-t.e-°),44
cuit,(c-k.u-8.i-i.t-#),23
raconte,(r-R.a-a.c-k.on-§.t-t.e-°),27
fées,(f-f.é-e.e-#.s-#),16
lionne,(l-l.i-j.o-O.nn-n.e-°),14
gazelle,(g-g.a-a.z-z.e-E.ll-l.e-°),39
garde,(g-g.a-a.r-R.d-d.e-°),26
tribu,(t-t.r-R.i-i.b-b.u-y),25
sympa,(s-s.ym-5.p-p.a-a),45
impolie,(im-5.p-p.o-O.l-l.i-i.e-#),45
ajouté,(a-a.j-Z.ou-u.t-t.é-e),20
romarin,(r-R.o-O.m-m.a-a.r-R.in-5),36
ragoût,(r-R.a-a.g-g.oû-u.t-#),26
malin,(m-m.a-a.l-l.in-5),36
âge,(â-a.g-Z.e-°),46
étendu,(é-e.t-t.en-@.d-d.u-y),31
linge,(l-l.in-5.g-Z.e-°),46
allé,(a-a.ll-l.é-e),9
magie,(m-m.a-a.g-Z.i-i.e-#),46
rempli,(r-R.em-@.p-p.l-l.i-i),42
roses,(r-R.o-o.s-z.e-°.s-#),47
décolle,(d-d.é-e.c-k.o-O.ll-l.e-°),23
assis,(a-a.ss-s.i-i.s-#),13
chiot,(ch-S.i-j.o-o.t-#),17
compris,(c-k.om-§.p-p.r-R.i-i.s-#),44
ruse,(r-R.u-y.s-z.e-°),47
venu,(v-v.e-%.n-n.u-y),14
allonge,(a-a.ll-l.on-§.g-Z.e-°),46
irons,(i-i.r-R.on-§.s-#),27
écouter,(é-e.c-k.ou-u.t-t.er-e),48
concert,(c-k.on-§.c-s.e-E.r-R.t-#),40
renversé,(r-R.en-@.v-v.e-E.r-R.s-s.é-e),39
offert,(o-O.ff-f.e-E.r-R.t-#),39
volets,(v-v.o-O.l-l.et-E.s-#),50
mange,(m-m.an-@.g-Z.e-°),46
dames,(d-d.a-a.m-m.e-°.s-#),19
mangent,(m-m.an-@.g-Z.en-@.t-#),46
bébés,(b-b.é-e.b-b.é-e.s-#),25
dorment,(d-d.o-O.r-R.m-m.en-@.t-#),31
roulent,(r-R.ou-u.l-l.en-@.t-#),31
lisent,(l-l.i-i.s-z.en-@.t-#),47
vient,(v-v.i-j.en-5.t-#),49
viennent,(v-v.i-j.e-E.nn-n.en-@.t-#),39
grimpe,(g-g.r-R.im-5.p-p.e-°),45
chats,(ch-S.a-a.t-#.s-#),17
grimpent,(g-g.r-R.im-5.p-p.en-@.t-#),45
serviette,(s-s.e-E.r-R.v-v.i-j.e-E.tt-t.e-°),39
reçu,(r-R.e-%.ç-s.u-y),40
cadeaux,(c-k.a-a.d-d.eau-o.x-#),52
appris,(a-a.pp-p.r-R.i-i.s-#),21
livres,(l-l.i-i.v-v.r-R.e-%.s-#),13
sont,(s-s.on-§.t-#),27
étagère,(é-e.t-t.a-a.g-Z.è-E.r-R.e-°),46
huîtres,(h-#.u-8.î-i.t-t.r-R.e-%.s-#),53
plage,(p-p.l-l.a-a.g-Z.e-°),46
an,(an-@),32
ceci,(c-s.e-%.c-s.i-i),40
message,(m-m.e-e.ss-s.a-a.g-Z.e-°),46
confidentiel,(c-k.on-§.f-f.i-i.d-d.en-@.t-s.i-j.e-E.l-l),60
biberon,(b-b.i-i.b-b.e-°.r-R.on-§),27
commande,(c-k.o-O.mm-m.an-@.d-d.e-°),32
fourrée,(f-f.ou-u.rr-R.é-e.e-#),16
bonbons,(b-b.on-§.b-b.on-§.s-#),27
mangé,(m-m.an-@.g-Z.é-e),46
cygne,(c-s.y-i.gn-N.e-°),55
flotte,(f-f.l-l.o-O.tt-t.e-°),20
vignes,(v-v.i-i.gn-N.e-°.s-#),55
poussent,(p-p.ou-u.ss-s.en-@.t-#),31
vignoble,(v-v.i-i.gn-N.o-O.b-b.l-l.e-%),55
mettez,(m-m.e-E.tt-t.ez-e),56
vos,(v-v.o-O.s-#),13
viens,(v-v.i-j.en-5.s-#),49
venez,(v-v.e-%.n-n.ez-e),56
manges,(m-m.an-@.g-Z.e-°.s-#),46
mangez,(m-m.an-@.g-Z.ez-e),56
marches,(m-m.a-a.r-R.ch-S.e-°.s-#),17
marchez,(m-m.a-a.r-R.ch-S.ez-e),56
vend,(v-v.en-@.d-#),57
légumes,(l-l.é-e.g-g.u-y.m-m.e-°.s-#),26
toux,(t-t.ou-u.x-#),20
tronc,(t-t.r-R.on-§.c-#),57
toutes,(t-t.ou-u.t-t.e-°.s-#),20
quilles,(qu-k.ill-ij.e-°.s-#),64
descendu,(d-d.e-e.sc-s.en-@.d-d.u-y),40
fleuve,(f-f.l-l.eu-9.v-v.e-°),41
radeau,(r-R.a-a.d-d.eau-o),52
pondu,(p-p.on-§.d-d.u-y),27
repose,(r-R.e-%.p-p.o-o.s-z.e-°),47
rend,(r-R.en-@.d-#),57
attaché,(a-a.tt-t.a-a.ch-S.é-e),20
longs,(l-l.on-§.g-#.s-#),57
cheveux,(ch-S.e-%.v-v.eu-2.x-#),41
gagné,(g-g.a-a.gn-N.é-e),55
trophée,(t-t.r-R.o-O.ph-f.é-e.e-#),61
tennis,(t-t.e-e.nn-n.i-i.s-s),39
éclaire,(é-e.c-k.l-l.ai-E.r-R.e-°),35
bateaux,(b-b.a-a.t-t.eau-o.x-#),52
apprends,(a-a.pp-p.r-R.en-@.d-#.s-#),57
alphabet,(a-a.l-l.ph-f.a-a.b-b.et-E),61
tempêtes,(t-t.em-@.p-p.ê-E.t-t.e-°.s-#),42
envoyé,(en-@.v-v.oy-waj.é-e),62
payons,(p-p.on-§.s-#),27
loyer,(l-l.oy-waj.er-e),62
noyer,(n-n.oy-waj.er-e),62
balaie,(b-b.a-a.l-l.ai-E.e-#),35
miettes,(m-m.i-j.e-E.tt-t.e-°.s-#),39
envoyez,(en-@.v-v.oy-waj.ez-e),62
pêcheur,(p-p.ê-E.ch-S.eu-9.r-R),41
seiches,(s-s.ei-E.ch-S.e-°.s-#),63
caché,(c-k.a-a.ch-S.é-e),23
épouvantail,(é-e.p-p.ou-u.v-v.an-@.t-t.a-a.il-j),64
aux,(au-o.x-#),33
corbeaux,(c-k.o-O.r-R.b-b.eau-o.x-#),52
travailles,(t-t.r-R.a-a.v-v.a-a.ill-j.e-°.s-#),64
médaille,(m-m.é-e.d-d.a-a.ill-j.e-°),64
étang,(é-e.t-t.an-@.g-#),57
bouilloire,(b-b.ou-u.ill-j.oi-wa.r-R.e-°),64
siffle,(s-s.i-i.ff-f.l-l.e-%),16
kiwis,(k-k.i-i.w-w.i-i.s-#),66
danser,(d-d.an-@.s-s.er-e),48
préparé,(p-p.r-R.é-e.p-p.a-a.r-R.é-e),21
wapiti,(w-w.a-a.p-p.i-i.t-t.i-i),66
cerf,(c-s.e-E.r-R.f-#),57
ressemble,(r-R.e-%.ss-s.em-@.b-b.l-l.e-%),42
ressemblant,(r-R.e-%.ss-s.em-@.b-b.l-l.an-@.t-#),42
fille,(f-f.ill-ij.e-°),64
famille,(f-f.a-a.m-m.ill-ij.e-°),64
papillon,(p-p.a-a.p-p.ill-ij.on-§),64
grille,(g-g.r-R.ill-ij.e-°),64
vanille,(v-v.a-a.n-n.ill-ij.e-°),64
bille,(b-b.ill-ij.e-°),64
coquille,(c-k.o-O.qu-k.ill-ij.e-°),64
juillet,(j-Z.u-8.ill-ij.et-E),64
jouent,(j-Z.ou-u.ent-#),51
lio,(l-l.i-i.o-o),6
sumo,(s-s.u-y.m-m.o-o),8
sua,(s-s.u-y.a-a),8
léo,(l-l.é-e.o-o),9
samossa,(s-s.a-a.m-m.o-o.ss-s.a-a),8
sissi,(s-s.i-i.ss-s.i-i),8
mémo,(m-m.é-e.m-m.o-o),9
savouré,(s-s.a-a.v-v.ou-u.r-r.é-e),12
écris,(é-e.c-k.r-R.i-i.s-#),23
dents,(d-d.en-@.t-#.s-#),31
trombone,(t-t.r-R.om-§.b-b.o-O.n-n.e-°),44
dois,(d-d.oi-wa.s-#),22
devez,(d-d.e-%.v-v.ez-e),56
œufs,(œu-2.f-#.s-#),59
sœur,(s-s.œu-9.r-R),59
as,(a-a.s-s),8
ans,(an-@.s-#),32
mets,(m-m.et-E.s-#),50
savez,(s-s.a-a.v-v.ez-e),56
flore,(f-f.l-l.o-O.r-R.e-°),16
finis,(f-f.i-i.n-n.i-i.s-#),16
l,(l-l),6
ravioli,(r-r.a-a.v-v.i-i.o-o.l-l.i-i),11
mia,(m-m.i-i.a-a),7
nour,(n-n.ou-u.r-r),14
nina,(n-n.i-i.n-n.a-a),14
noé,(n-n.o-o.é-e),14
fiona,(f-f.i-i.o-o.n-n.a-a),16
ravive,(r-r.a-a.v-v.i-i.v-v.e-#),13
j,(j-Z),18
réda,(r-r.é-e.d-d.a-a),19
dorade,(d-d.o-o.r-r.a-a.d-d.e-#),19
tom,(t-t.o-o.m-m),20
s,(s-s),8
paloma,(p-p.a-a.l-l.o-o.m-m.a-a),21
froufrous,(f-f.r-r.ou-u.f-f.r-r.ou-u.s-#),16
caroline,(c-k.a-a.r-r.o-o.l-l.i-i.n-n.e-#),23
oscar,(o-o.s-s.c-k.a-a.r-r),23
préparera,(p-p.r-r.é-e.p-p.a-a.r-r.e-%.r-r.a-a),21
barnabé,(b-b.a-a.r-r.n-n.a-a.b-b.é-e),25
n,(n-n),14
mousson,(m-m.ou-u.ss-s.on-§),27
paris,(p-p.a-a.r-r.i-i.s-#),21
macarons,(m-m.a-a.c-k.a-a.r-r.on-§.s-#),27
«,(«-«),1
»,(»-»),1
julia,(j-Z.u-y.l-l.i-i.a-a),18
kalulu,(k-k.a-a.l-l.u-y.l-l.u-y),34
karim,(k-k.a-a.r-r.i-i.m-m),34
tatin,(t-t.a-a.t-t.in-5),36
juliette,(j-Z.u-y.l-l.i-i.e-E.tt-t.e-#),39
jusqu,(j-Z.u-y.s-s.qu-k),28
lucie,(l-l.u-y.c-s.i-i.e-#),40
maitresse,(m-m.ai-E.t-t.r-r.e-E.ss-s.e-#),39
gambas,(g-g.a-a.m-m.b-b.a-a.s-#),26
sara,(s-s.a-a.r-r.a-a),11
d,(d-d),19
typhons,(t-t.y-i.ph-f.on-§.s-#),61
tropicales,(t-t.r-r.o-o.p-p.i-i.c-k.a-a.l-l.e-#.s-#),23
twist,(t-t.w-w.i-i.s-s.t-t),66
wok,(w-w.o-o.k-k),66
wombat,(w-w.o-o.m-m.b-b.a-a.t-t),66
wallaby,(w-w.a-a.ll-l.a-a.b-b.y-i),66
marie,(m-m.a-a.r-R.i-i.e-#),13
les,(l-l.e-E.s-#),39
brioche,(b-b.r-R.i-ij.o-O.ch-S.e-°),25
ennuyer,(en-@.n-n.u-8.y-ij.er-e),65
crier,(c-k.r-R.i-ij.er-e),48
embelliront,(em-@.b-b.e-E.ll-l.i-i.r-r.ont-§),42
parle,(p-p.a-a.r-R.l-l.e-°),21
